"Indicator type","Indicator","Description"
"URL","https://www.abisource.com/downloads/abiword/2.6.5/Windows/abiword-setup-2.6.5.exe",""
"URL","https://www.abisource.com/downloads/abiword/2.8.3/Windows/abiword-setup-2.8.3.exe",""
"URL","https://www.abisource.com/mailinglists/abiword-dev/2003/Aug/att-0120/01-document_9446.pif",""
"URL","https://www.abisource.com/mailinglists/abiword-dev/2003/Aug/att-0125/01-details.pif",""
"URL","https://www.abisource.com/mailinglists/abiword-dev/2003/Aug/att-0142/01-your_document.pif",""
"URL","http://svn.abisource.com/",""
"URL","https://planet.abisource.com",""
"URL","https://planet.abisource.com/",""
"URL","http://shop.neustadt.eu/produkte/gruppenreisen/",""
"URL","http://shop.neustadt.eu/produkte/kostenfreie-broschueren",""
"URL","http://vhs.neustadt.eu/fileadmin/kuferweb/admin/index.php",""
"URL","http://www.neustadt.eu/Leben-in-Neustadt/Service/Veranstaltungen",""
"URL","https://ferienhits.neustadt.eu/index.php?id=48",""
"URL","https://vhs.neustadt.eu/",""
"URL","https://www.neustadt.eu/B%C3%BCrger-Leben/Weind%C3%B6rfer/Gimmeldingen",""
"URL","https://www.neustadt.eu/Kultur/Stadtarchiv",""
"URL","https://www.neustadt.eu/Tourism-Wine/Useful-information/",""
"URL","https://www.neustadt.eu/Tourismus-Wein/Aktuelles-Highlights/Top-news/Die-Pfalz-feiert-Weinfeste-und-mehr-2018.php",""
"URL","https://www.neustadt.eu/Tourismus-Wein/Aktuelles-Highlights/Top-news/Die-Pfalz-feiert-Weinfeste-und-mehr-2018.php?object=tx,2636.5",""
"URL","https://www.neustadt.eu/Tourismus-Wein/Mandelbl%C3%BCte",""
"URL","https://www.neustadt.eu/Tourismus-Wein/Top-Events-Veranstaltungen/Veranstaltungen",""
"URL","https://www.neustadt.eu/Tourismus-Wein/Veranstaltungen-Events-Aktuelles/Weihnachtszeit/Weihnachtsmarkt-der-Kunigunde",""
"URL","https://www.neustadt.eu/Wirtschaftsentwicklung",""
"URL","https://www.neustadt.eu/weihnachtsmarkt-der-kunigunde",""
"URL","https://www.neustadt.eu/weihnachtsmarkt-der-kunigunde>",""
"URL","http://cafelouvre.cz",""
"URL","http://cafelouvre.cz/",""
"URL","http://bujinkanprague.com/",""
"URL","http://www.bujinkanprague.com/",""
"URL","http://www.bujinkanprague.com/2012/07/cestovani-po-japonsku/",""
"URL","http://www.bujinkanprague.com/en/author/pavels/page/2/?/feed/",""
"URL","http://kalypta.cz",""
"URL","http://www.kalypta.cz/cs/",""
"URL","http://pha.cz/",""
"URL","http://www.znicenekostely.cz/index.php?load=detail",""
"URL","http://www.znicenekostely.cz/index.php?load=search",""
"URL","http://potrefenahusa-design.cz/",""
"URL","http://www.potrefenahusa-design.cz/b2_hln.html",""
"URL","http://www.potrefenahusa-design.cz/r11_platnerska.htm",""
"URL","http://www.potrefenahusa-design.cz/r12_hybernska.htm",""
"URL","http://www.potrefenahusa-design.cz/s3_mb.htm",""
"hostname","shop.neustadt.eu",""
"hostname","vhs.neustadt.eu",""
"hostname","www.neustadt.eu",""
"hostname","ferienhits.neustadt.eu",""
"hostname","www.abfallkalender.neustadt.eu",""
"hostname","www.znicenekostely.cz",""
"hostname","www.tnet.cz",""
"URL","http://hotel.bohemiaexcellent.cz/",""
"URL","http://hotel.bohemiaexcellent.cz/cs-index.ph",""
"URL","http://hotel.bohemiaexcellent.cz/cs-mapy.php",""
"URL","http://pohar-peruna.cz/",""
"URL","http://www.pohar-peruna.cz/",""
"hostname","www.k1karta.cz",""
"hostname","hotel.bohemiaexcellent.cz",""
"hostname","www.bohemiaexcellent.cz",""
"hostname","www.pohar-peruna.cz",""
"URL","http://www.analytical-chemistry.uoc.gr/",""
"URL","http://www.en.uoc.gr/courses/philosophical-school/philosophical-school.html",""
"URL","http://www.history-archaeology.uoc.gr/el/staff/dep/Kolovos.html",""
"URL","http://www.history-archaeology.uoc.gr/files/items/2/2880/halcyon_days_flyer.pdf",""
"URL","http://www.wcp2013.gr/",""
"URL","http://www.wcp2013.gr/files/items/6/629/23rd_wcp_proposed_hotels.pdf",""
"URL","http://www.wcp2013.gr/files/items/6/644/programmejuly29.pdf",""
"URL","http://www.wcp2013.gr/files/items/6/649/habermas.pdf",""
"URL","http://breslemaritime.com/",""
"URL","http://www.uoc.gr/courses/faculty-technological-sciences/csd-intro.htm",""
"URL","http://www.uoc.gr/files/items/1/1532/11.biografiko_simeioma_s.artabanis-tsakonas.pdf",""
"URL","http://www.uoc.gr/university/xartes/xartes.html",""
"URL","https://www.uoc.gr/",""
"URL","http://cc-breslemaritime.fr/",""
"URL","http://bibliotheques.breslemaritime.fr/cms/articleview/id/496",""
"URL","http://bibliotheques.breslemaritime.fr/cms/articleviewpreferences/id_items/13/nb_aff/5/nb_analyse/10/display_order/Selection/display_mode/Submenu/summary_content/Summary/picto/bookcase.png/libelle/M%C3%83%C2%A9diath%C3%83%C2%A8que%20du%20Tr%C3%83%C2%A9port",""
"URL","http://breslemaritime.fr/fr/774/pages/d/mise-en-reseau-des-bibliotheques/bibliotheque-reseau-mode-d-emploi/page/",""
"URL","http://orcca.fr/",""
"URL","http://abiword.org/",""
"URL","http://abiword.org/downloads/abiword/2.4.6/Windows/abiword-setup-2.4.6.exe",""
"URL","http://abiword.org/downloads/abiword/2.9.4/Windows/abiword-setup-2.9.4.exe",""
"URL","http://abiword.org/downloads/dictionaries/Windows/AbiWord_Dictionary_Francais.exe",""
"URL","http://abiword.org/manifest.rdf",""
"URL","http://www.abiword.org/downloads/abiword/2.8.6/Windows/abiword-setup-2.8.6.exe",""
"URL","http://www.abiword.org/downloads/abiword/2.9.4/Windows/abiword-setup-2.9.4.exe",""
"URL","http://www.abiword.org/downloads/dictionaries/Windows/AbiWord_Dictionary_American.exe",""
"URL","http://www.abiword.org/downloads/dictionaries/Windows/AbiWord_Dictionary_Italian.exe",""
"URL","https://www.abiword.org",""
"URL","https://www.abiword.org/",""
"URL","http://vaulthosttower.com",""
"URL","http://www.vaulthosttower.com",""
"URL","http://www.vaulthosttower.com/nZdW1Egfu3mhO0fHhwgYy5bZIgbFUHLsoqzLThC6oWzFJsEjEyWb7fT9PEJxfAN8ClFpVyPtqywgo2yRLCLUeqX21Vj1t2BpB6W94zM06_LV1KTCu97aV2ccwZL5BHUb4f2QSVckdv4CrRw5rsmWnvnrFKsM6oLVukVPkwcRXe5iUEFMsbZ9yva6HvKRS5pbl6hjuTg7LbMReTPLCU7iP66YD6K+_vnP2",""
"URL","http://abisource.org/",""
"URL","http://abisource.org/downloads/abiword/2.8.6/Windows/abiword-setup-2.8.6.exe",""
"URL","http://www.abisource.org/downloads/abiword/2.8.6/Windows/abiword-setup-2.8.6.exe",""
"URL","http://abiword.com",""
"URL","http://abiword.com/",""
"URL","http://www.abiword.com/",""
"URL","http://www.abiword.com/downloads/abiword/2.6.2/Windows/abiword-setup-2.6.2.exe",""
"URL","http://www.abiword.com/downloads/abiword/2.8.6/Windows/abiword-setup-2.8.6.exe",""
"URL","http://bugzilla.abisource.com/enter_bug.cgi?product=AbiWord",""
"URL","http://abisource.com/mailinglists/abiword-dev/2003/aug/att-0121/01-your_document.pif",""
"URL","http://abisource.com/mailinglists/abiword-dev/2003/aug/att-0125/01-details.pif",""
"URL","http://www.abisource.com",""
"URL","http://www.abisource.com.",""
"URL","http://www.abisource.com/2004/xhtml",""
"URL","http://www.abisource.com/changetracking.dtd",""
"URL","http://www.abisource.com/download/",""
"URL","http://www.abisource.com/downloads/dependencies/libxml2/libxml2-2.6.19-runtime.zip",""
"URL","http://www.abisource.com/help/",""
"URL","http://www.abisource.com/mailmerge/1.0",""
"URL","http://www.abisource.com/projects/link",""
"URL","http://www.abisource.com/users/check_version.phtml?version=",""
"URL","https://www.abisource.com/2004/xhtml-awml/xhtml-awml.mod",""
"URL","https://www.abisource.com/mailinglists/abiword-dev/2003/aug/att-0121/01-your_document.pif",""
"URL","https://www.abisource.com/mailinglists/abiword-dev/2003/aug/att-0125/01-details.pif",""
"URL","https://www.abisource.com/wiki/FAQ",""
"hostname","backoffice.sitia.gr",""
"hostname","cpcalendars.tennis.sitia.gr",""
"hostname","cpcontacts.tennis.sitia.gr",""
"hostname","eservices.sitia.gr",""
"hostname","ids.sitia.gr",""
"hostname","tennis.sitia.gr",""
"hostname","www.tennis.sitia.gr",""
"hostname","bibliotheques.breslemaritime.fr",""
"hostname","www.abisource.org",""
"hostname","www.abiword.com",""
"hostname","www.nl.abisource.com",""
"domain","sklavenitis.com",""
"domain","wcp2013.gr",""
"hostname","ns2.otenet.net",""
"hostname","ns2.otenet.gr",""
"URL","http://195.170.2.1/",""
"domain","anatolikimani.gov.gr",""
"domain","sitia.gr",""
"domain","uoc.gr",""
"hostname","bo.anatolikimani.gov.gr",""
"hostname","en.uoc.gr",""
"hostname","25years.uoc.gr",""
"hostname","www.analytical-chemistry.uoc.gr",""
"hostname","www.anatolikimani.gov.gr",""
"hostname","www.en.uoc.gr",""
"hostname","www.history-archaeology.uoc.gr",""
"hostname","www.sitia.gr",""
"hostname","www.uoc.gr",""
"hostname","www.wcp2013.gr",""
"URL","http://147.52.80.32",""
"URL","http://25years.uoc.gr/uoc.pps",""
"URL","http://en.uoc.gr/",""
"URL","http://sitia.gr/",""
"URL","http://www.analytical-chemistry.uoc.gr/files/items/6/618/agwgimometria_1.pdf",""
"URL","http://www.analytical-chemistry.uoc.gr/files/items/6/638/pittcon05_fluor.pdf",""
"URL","http://www.anatolikimani.gov.gr",""
"URL","http://www.anatolikimani.gov.gr/",""
"URL","http://www.en.uoc.gr/",""
"URL","http://www.en.uoc.gr/studies-at-uni/Contacts/contacts.html",""
"URL","http://www.en.uoc.gr/university/access",""
"URL","http://www.history-archaeology.uoc.gr/anouncements/general",""
"URL","http://www.history-archaeology.uoc.gr/el/undergraduate-studies/academic/academic-year.html",""
"URL","http://www.history-archaeology.uoc.gr/files/items/2/2588/graduates_list_july_2015.pdf",""
"URL","http://www.sitia.gr/",""
"URL","http://www.sitia.gr/en",""
"URL","http://www.sitia.gr/en/",""
"URL","http://www.sitia.gr/visitor/weather/kairos.html",""
"URL","http://www.uoc.gr/index3.cfm.htm",""
"URL","http://www.uoc.gr/university/map/uocgallosmap.html",""
"domain","breslemaritime.com",""
"domain","breslemaritime.fr",""
"domain","cc-breslemaritime.fr",""
"domain","orcca.asso.fr",""
"domain","orcca.fr",""
"hostname","admin.orcca.fr",""
"hostname","tourisme.breslemaritime.com",""
"hostname","tourisme.breslemaritime.fr",""
"hostname","www.breslemaritime.fr",""
"hostname","www.orcca.asso.fr",""
"hostname","www.tourisme.breslemaritime.fr",""
"URL","http://admin.orcca.fr/Upload/Mediatheque/ACTUALITES/Livre/6A068725-660B-1EE3-4AB8-D854DB3E0AAF.pd",""
"URL","http://admin.orcca.fr/Upload/Mediatheque/ACTUALITES/VOULYZE-Frederic.pdf",""
"URL","http://breslemaritime.fr/",""
"URL","http://cc-breslemaritime.fr/fr/422/0/0/liens/l/liens-utiles-cc",""
"URL","http://tourisme.breslemaritime.com/Upload/Mediatheque/Depliant-randonnees-2016.pdf",""
"URL","http://tourisme.breslemaritime.fr",""
"URL","http://www.breslemaritime.fr/",""
"URL","http://www.breslemaritime.fr/Upload/Mediatheque/site-institutionnel/1-communaute-de-communes/LA-REGULARISATION-10-10.pd",""
"URL","http://www.breslemaritime.fr/fr/386/pages/d/developpement-economique/la-pepiniere-d-entreprise/page/",""
"URL","http://www.breslemaritime.fr/fr/492/pages/d/les-associations/gamaches-associations/page/",""
"URL","http://www.breslemaritime.fr/fr/498/pages/d/les-associations/les-assoctiations-d-oust-marest/page/",""
"URL","http://www.orcca.asso.fr/",""
"URL","http://www.tourisme.breslemaritime.fr/",""
"URL","http://www.tourisme.breslemaritime.fr/fr/514/pages/d/la-peche/la-peche-copie_fr69/page/0",""
"domain","abisource.com",""
"domain","abiword.org",""
"domain","vaulthosttower.com",""
"FileHash-SHA256","20169fc82a928984f68853e5e5898964bee554d3f02e9252bdfab59b65d18ed5",""
"FileHash-SHA256","c91f5a17f64429cff53f14385204d9b68af02b88b968f6c42caf80d9bb473adf",""
"domain","abisource.org",""
"domain","abiword.com",""
"hostname","abiword.snt.utwente.nl",""
"hostname","bugzilla.abisource.com",""
"URL","http://www.kabel1.cz/knihovna/katalog/!runlog.htm",""
"URL","http://www.kabel1.cz/wordpress",""
"URL","http://www.kabel1.cz/wordpress/",""
"domain","bohemiaexcellent.cz",""
"domain","k1karta.cz",""
"domain","maghor.cz",""
"domain","pohar-peruna.cz",""
"URL","http://tely.kabel1.cz/",""
"hostname","art.noesis.edu.gr",""
"hostname","events.noesis.edu.gr",""
"hostname","www.noesis.edu.gr",""
"hostname","mnae.noesis.edu.gr",""
"hostname","ns.noesis.edu.gr",""
"URL","http://noesis.edu.gr/",""
"URL","http://www.noesis.edu.gr/%CE%B5%CF%80%CE%B9%CF%83%CF%84%CE%AE%CE%BC%CE%B7-%CE%BA%CE%B1%CE%B9-%CF%84%CE%B5%CF%87%CE%BD%CE%BF%CE%BB%CE%BF%CE%B3%CE%AF%CE%B1/%CF%84%CE%B7%CE%BB%CE%B5%CF%80%CE%B9%CE%BA%CE%BF%CE%B9%CE%BD%CF%89%CE%BD%CE%AF%CE%B5%CF%82/%CE%B9%CF%83%CF%84%CE%BF%CF%81%CE%AF%CE%B1/%CE%BF%CF%80%CF%84%CE%B9%CE%BA%CE%AD%CF%82-%CE%AF%CE%BD%CE%B5%CF%82/",""
"URL","http://www.noesis.edu.gr/en/3d-giant-screen-cinema",""
"URL","https://events.noesis.edu.gr/",""
"URL","https://www.noesis.edu.gr/%CF%87%CF%8E%CF%81%CE%BF%CE%B9/%CF%80%CE%BB%CE%B1%CE%BD%CE%B7%CF%84%CE%AC%CF%81%CE%B9%CE%BF/",""
"hostname","ucnet.uoc.gr",""
"URL","http://dubultudraudze.lv/",""
"URL","http://www.dubultudraudze.lv/?ct=koncert",""
"URL","http://katlakalns.lv/box/files/katlakalna_zvans/avize20092_0.pdf",""
"hostname","krustadraudze.lelb.lv",""
"hostname","www.ogres.lelb.lv",""
"URL","http://dobele.lelb.lv/",""
"URL","http://kristusdraudze.lelb.lv/?ct=apraksts",""
"URL","http://krustadraudze.lelb.lv/?ct=draudz",""
"URL","http://madonas.lelb.lv/?ct=diakonij",""
"URL","http://mezaparka.lelb.lv",""
"URL","http://www.kuldigas.lelb.lv",""
"URL","http://www.kuldigas.lelb.lv/?ct=laulibas",""
"URL","http://www.lelb.lv/lv/",""
"URL","http://www.lelb.lv/lv_old/?ct=draudze",""
"URL","http://www.ogres.lelb.lv/?ct=saite",""
"URL","http://www.liepajasluteradraudze.lv/?ct=dievk",""
"URL","http://www.liepajasluteradraudze.lv/?ct=kristibas",""
"URL","http://cesujana.lelb.lv/?ct=987612",""
"URL","http://cesujana.lelb.lv/?ct=98765",""
"URL","http://www.tukumabaznica.lv/?ct=kapusv",""
"URL","http://www.tukumabaznica.lv/?ct=tukumalaiks",""
"URL","http://madonas.lelb.lv/box/files/Draudzes_vestis/madonas_draudzes_avze_13_83.doc",""
"URL","http://kristusdraudze.lelb.lv/?ct=gadamaksa201",""
"URL","http://kristusdraudze.lelb.lv/box/files/atkarbu_profilakses_speclisti_novembris.doc",""
"hostname","www.jaunagertrudesdraudze.lv",""
"URL","http://www.jaunagertrudesdraudze.lv",""
"URL","http://www.jaunagertrudesdraudze.lv/",""
"URL","http://www.jaunagertrudesdraudze.lv/?ct=altaris",""
"URL","http://www.jaunagertrudesdraudze.lv/?ct=kontakti",""
"URL","http://luteraakademija.lv/",""
"hostname","www.mezaparkadraudze.lv",""
"URL","http://www.mezaparkadraudze.lv/?ct=in_englis",""
"hostname","svn.abisource.com",""
"hostname","www.abisource.com",""
"hostname","www.abiword.org",""
"hostname","www.vaulthosttower.com",""
"hostname","ns1.abisource.com",""
"hostname","planet.abisource.com",""
"hostname","planet.abiword.com",""
"URL","http://svn.abisource.com/abiword-testsuite/trunk/impexp/docx/LACE%20REPORT,%20GOTWA,%20SALUTE%20REPORT.docx",""
"URL","http://svn.abisource.com/abiword-testsuite/trunk/impexp/docx/current-state-process-analysis-report-template.docx",""
"URL","http://svn.abisource.com/abiword/branches/release-version-0-7-12/user/wp/help/fr-FR/print.htm",""
"URL","http://www.abisource.com/awml.dtd&quot",""
"URL","http://www.abiword.org/download/",""
"URL","http://www.abiword.org/wiki/AbiWord",""
"URL","https://abisource.com",""
"URL","https://www.abisource.com/download",""
"URL","https://www.abisource.com/downloads/abiword/2.4.6/Windows/abiword-setup-2.4.6.exe",""
"URL","https://www.abisource.com/downloads/abiword/2.6.6/Windows/abiword-setup-2.6.6.exe",""
"URL","https://www.abisource.com/downloads/abiword/2.8.6/Windows/abiword",""
"URL","https://www.abisource.com/downloads/abiword/2.8.6/Windows/abiword-setup-2.8.6.ex",""
"URL","https://www.abisource.com/downloads/dictionaries/Windows/AbiWord_Dictionary_Brazilian.ex",""
"URL","https://www.abisource.com/downloads/dictionaries/Windows/AbiWord_Dictionary_Brazilian.exe",""
"URL","https://www.abisource.com/release-notes/2.9.1.phtm",""
"domain","neustadt.eu",""
"hostname","www2.neustadt.eu",""
"URL","http://www2.neustadt.eu/download/stadtkonzeption/dateien/stadtkonzeption/prozessinformationen/zielfindung/ortsteiltagejuni2005/gimmeldingen/gimmeldingen_ss.pdf",""
"URL","http://www2.neustadt.eu/download/stadtkonzeption/dateien/stadtkonzeption/prozessinformationen/zielfindung/ortsteiltagejuni2005/lachenspeyerdorf/lachenspeyerdorf_zm.pdf",""
"URL","http://www2.neustadt.eu/download/tks/WeinfestNW.pdf",""
"URL","http://www2.neustadt.eu/download/wahlen/mobil/gw2014sr.htm",""
"URL","http://www2.neustadt.eu/download/wahlen/mobil/otw2014obrdied.html",""
"domain","brilltex.cz",""
"domain","bujinkanprague.com",""
"domain","cafelouvre.cz",""
"domain","consolida.cz",""
"domain","czfirmy.cz",""
"domain","delfini.cz",""
"domain","hottub.cz",""
"domain","kalypta.cz",""
"domain","klimacentrum.cz",""
"domain","montazniplosinystrach.cz",""
"domain","parketynovak.cz",""
"domain","pha.cz",""
"domain","potrefenahusa-design.cz",""
"domain","rebac.cz",""
"domain","revykointer.cz",""
"domain","znicenekostely.cz",""
"domain","alumex.cz",""
"domain","jdu-na-trh.cz",""
"hostname","hermes.tnet.cz",""
"hostname","susaky.pha.cz",""
"hostname","www.bujinkanprague.com",""
"hostname","www.cafelouvre.cz",""
"hostname","www.consolida.cz",""
"hostname","www.delfini.cz",""
"hostname","www.firmy.czfirmy.cz",""
"hostname","www.hottub.cz",""
"hostname","www.kalypta.cz",""
"hostname","www.klimacentrum.cz",""
"hostname","www.parketynovak.cz",""
"hostname","www.potrefenahusa-design.cz",""
"hostname","www.revykointer.cz",""
"URL","http://brilltex.cz/",""
"URL","http://montazniplosinystrach.cz/",""
"URL","http://rebac.cz/",""
"URL","http://susaky.pha.cz/",""
"URL","http://www.bujinkanprague.com/?page_id=61",""
"URL","http://www.bujinkanprague.com/?page_id=8595",""
"URL","http://www.cafelouvre.cz/",""
"URL","http://www.cafelouvre.cz/Prostory/",""
"URL","http://www.cafelouvre.cz/en/Offer/breakfast/",""
"URL","http://www.consolida.cz/",""
"URL","http://www.delfini.cz/",""
"URL","http://www.firmy.czfirmy.cz",""
"URL","http://www.hottub.cz/",""
"URL","http://www.kalypta.cz/",""
"URL","http://www.kalypta.cz/en/",""
"URL","http://www.klimacentrum.cz/_cze/",""
"URL","http://www.parketynovak.cz/",""
"URL","http://www.potrefenahusa-design.cz/b4_igy.html",""
"URL","http://www.revykointer.cz/",""
"URL","http://znicenekostely.cz/",""
"domain","is-frankfurt.de",""
"domain","wi-frankfurt.de",""
"hostname","skola.1zsklasterec.cz",""
"URL","http://www.1zsklasterec.cz/navody/prenos-fotky2pc.ph",""
"URL","http://kecip.cz/",""
"URL","http://www.kecip.cz/clanek.php?id=377",""
"hostname","www.vaclavhomolka.cz",""
"URL","http://www.sbdklasterec.cz/web/smernice.php",""
"URL","http://www.sbdklasterec.cz/web/smernice_sbd/2004_4.pdf",""
"URL","http://aluska.kabel1.cz",""
"hostname","kalendar.zal.cz",""
"hostname","prg.zal.cz",""
"hostname","resources.zal.cz",""
"hostname","www.zal.cz",""
"URL","http://www.gsa.kabel1.cz/Topen_SAG.pdf",""
"hostname","www.is-frankfurt.de",""
"hostname","www.wi-frankfurt.de",""
"URL","http://www.is-frankfurt.de/publikationenNeu/AnalysisofInterrelationsbetwee.pdf",""
"URL","http://www.is-frankfurt.de/publikationenNeu/KreditprozessderZukunft1087.pdf",""
"URL","http://www.is-frankfurt.de/publikationenNeu/OperationalRiskManagementforIT1126.pdf",""
"URL","http://www.is-frankfurt.de/publikationenNeu/Softwareagenten.pdf",""
"URL","http://www.wi-frankfurt.de/favicon.ico",""
"URL","http://www.wi-frankfurt.de/publikationenNeu/AReinforcementLearningApproach.pdf",""
"domain","1zsklasterec.cz",""
"domain","kabel1.cz",""
"domain","kecip.cz",""
"domain","sbdklasterec.cz",""
"domain","vaclavhomolka.cz",""
"domain","zal.cz",""
"FileHash-SHA256","ba8dd9b24941b8f1e897cb1d7ab4e97863d05593cd5045f82d43c2a5e234f025",""
"hostname","aluska.kabel1.cz",""
"hostname","byksat.kabel1.cz",""
"hostname","lipitch.kabel1.cz",""
"hostname","www.1zsklasterec.cz",""
"hostname","www.gsa.kabel1.cz",""
"hostname","www.kabel1.cz",""
"hostname","www.kecip.cz",""
"hostname","www.lipitch.kabel1.cz",""
"hostname","www.sbdklasterec.cz",""
"hostname","yabadoo.kabel1.cz",""
"hostname","ns1.kabel1.cz",""
"hostname","services.kabel1.cz",""
"hostname","tely.kabel1.cz",""
"URL","http://aluska.kabel1.cz/index.php?a=clanky/vzorecky-zdarma",""
"URL","http://byksat.kabel1.cz/dreambox/SoftCam.Key",""
"URL","http://kabel1.cz/~office/egold.com/www.e-gold.com/secure_update7761632hhBBju/acct/login.html",""
"URL","http://lipitch.kabel1.cz/soubory/Mobil/Apps/Jamie's%2020%20Minute%20Meals%20v1.2.apk",""
"URL","http://lipitch.kabel1.cz/soubory/Mobil/Apps/Meebo.apk",""
"URL","http://lipitch.kabel1.cz/soubory/Mobil/Apps/ems_beta.apk",""
"URL","http://lipitch.kabel1.cz/soubory/Mobil/Games/Death_Worm_v1.05.apk",""
"URL","http://lipitch.kabel1.cz/soubory/Mobil/Games/Dungeon_Hunter_2_HD_HTC_Desire_Z_proper.apk",""
"URL","http://vaclavhomolka.cz/",""
"URL","http://www.1zsklasterec.cz/",""
"URL","http://www.gsa.kabel1.cz/seznam_vozu_umisteni_obd2_zasuvek.pdf",""
"URL","http://www.kabel1.cz/k1karta/wp-content/plugins/easy-facebook-likebox/public/assets/fonts/fontawesome-webfont.eot",""
"URL","http://www.kabel1.cz/k1karta/wp-content/themes/flymag/fonts/fontawesome-webfont.eot",""
"URL","http://www.kabel1.cz/wordpress/kabel1/",""
"URL","http://www.kecip.cz/katalog.php",""
"URL","http://www.lipitch.kabel1.cz/soubory/Mobil/Apps/Andy.Siri.for.Android.3.5.apk",""
"URL","http://www.sbdklasterec.cz/web/inzerce.php",""
"URL","http://www.sbdklasterec.cz/web/kontakty.php",""
"URL","http://yabadoo.kabel1.cz/",""
"URL","http://zal.cz/",""
"domain","noesis.edu.gr",""
"hostname","ns1.grnet.gr",""
"hostname","sns1.grnet.gr",""
"hostname","ns2.uoc.gr",""
"hostname","ns1.dns.lv",""
"URL","http://194.0.49.1/",""
"domain","araisudraudze.lv",""
"domain","berzaunesbaznica.lv",""
"domain","doleskekavasdraudze.lv",""
"domain","dubultudraudze.lv",""
"domain","katlakalns.lv",""
"domain","lelb.lv",""
"domain","liepajasluteradraudze.lv",""
"domain","ropazudraudze.lv",""
"domain","tukumabaznica.lv",""
"hostname","cesujana.lelb.lv",""
"hostname","dobele.lelb.lv",""
"hostname","kristusdraudze.lelb.lv",""
"hostname","madonas.lelb.lv",""
"hostname","mezaparka.lelb.lv",""
"hostname","www.berzaunesbaznica.lv",""
"hostname","www.dubultudraudze.lv",""
"hostname","www.katlakalns.lv",""
"hostname","www.kuldigas.lelb.lv",""
"hostname","www.lelb.lv",""
"hostname","www.liepajasluteradraudze.lv",""
"hostname","www.madonas.lelb.lv",""
"hostname","www.ropazudraudze.lv",""
"hostname","www.tukumabaznica.lv",""
"domain","jaunagertrudesdraudze.lv",""
"domain","luteraakademija.lv",""
"domain","mezaparkadraudze.lv",""
"URL","http://araisudraudze.lv/",""
"URL","http://cesujana.lelb.lv/box/files/jonaszime1209.pdf",""
"URL","http://dobele.lelb.lv/?ct=mes_ticam",""
"URL","http://doleskekavasdraudze.lv/",""
"URL","http://katlakalns.lv/",""
"URL","http://kristusdraudze.lelb.lv/?ct=jaunumi",""
"URL","http://lelb.lv/",""
"URL","http://liepajasluteradraudze.lv/",""
"URL","http://madonas.lelb.lv/box/files/Draudzes_vestis/61.doc",""
"URL","http://mezaparka.lelb.lv/?ct=1998g1999g",""
"URL","http://www.berzaunesbaznica.lv/",""
"URL","http://www.dubultudraudze.lv/?ct=muzika",""
"URL","http://www.katlakalns.lv/?ct=church",""
"URL","http://www.kuldigas.lelb.lv/",""
"URL","http://www.lelb.lv/lv/?ct=draudzes",""
"URL","http://www.liepajasluteradraudze.lv/",""
"URL","http://www.madonas.lelb.lv",""
"URL","http://www.madonas.lelb.lv/",""
"URL","http://www.ropazudraudze.lv/box/files/vienpr.gr.ievads.ata.pdf",""
"URL","http://www.tukumabaznica.lv/?ct=raksti",""
"URL","https://www.popsci.com/spacex-launch-look-strange-alien",""
"URL","http://spaceweather.com",""
"hostname","www.popsci.com",""
"hostname","www.nasa.gov",""
"domain","spaceweather.com",""
"domain","hamptonu.edu",""
"FileHash-SHA256","cab057b091d130640b29baf029eef89c47bd9c70fbe7bc3bcddd0e0d7dddfa62",""
"FileHash-SHA256","bedabe0dfaecc645da703929e5cd428945a748761e9a6e4fdbb1803326cbeaf0",""
"FileHash-SHA256","fa23ca1ea392f23bd1122f8618e30ea21116cdc19aee99a61da047eaf55e8b21",""
"FileHash-SHA256","25619048c784ddcb38b3758c27dc05f1a48e55fe9639761e528b95705407e2e0",""
"FileHash-SHA256","10991c3b0254846cf3603a9d431a7702b45cfbb6dd460ab39bd1ac13bd94c3ca",""
"FileHash-SHA256","d5d62c2a49dbdc3bbefc192222e146d2054b428d51ca7a4166d90605e37c90e4",""
"FileHash-SHA256","2e5b977b5e509fc1c0d817a73b18c8c57a7e249bfd8728435f58b0a1679231e0",""
"FileHash-SHA256","2d976485b5a88d0bd0a3c4c185671ee4922b3cd0b8c7f131df6963c22c742e64",""
"FileHash-MD5","c3a673e324dde0bc1b46b1cd7aaab76c","MD5 of cab057b091d130640b29baf029eef89c47bd9c70fbe7bc3bcddd0e0d7dddfa62"
"FileHash-MD5","c7744a6e46dce8557f308c46f3cf06e8","MD5 of 25619048c784ddcb38b3758c27dc05f1a48e55fe9639761e528b95705407e2e0"
"FileHash-MD5","762960510768b8c4f9e0204212c31093","MD5 of d5d62c2a49dbdc3bbefc192222e146d2054b428d51ca7a4166d90605e37c90e4"
"FileHash-MD5","0d56ef52cd83146ba1165dfe2140fbc1","MD5 of 2d976485b5a88d0bd0a3c4c185671ee4922b3cd0b8c7f131df6963c22c742e64"
"FileHash-MD5","92dc253dd166400eda19671fe7ed61c6","MD5 of bedabe0dfaecc645da703929e5cd428945a748761e9a6e4fdbb1803326cbeaf0"
"FileHash-MD5","ca8edc8903ea2396cea6e380be1d12e4","MD5 of 2e5b977b5e509fc1c0d817a73b18c8c57a7e249bfd8728435f58b0a1679231e0"
"FileHash-MD5","0e828e3003e5e76977b8b6940c08b2c8","MD5 of 10991c3b0254846cf3603a9d431a7702b45cfbb6dd460ab39bd1ac13bd94c3ca"
"FileHash-MD5","4b82537da0185aab125fa56cf13df61b","MD5 of fa23ca1ea392f23bd1122f8618e30ea21116cdc19aee99a61da047eaf55e8b21"
"FileHash-SHA1","0eb15d57ce5e17840114bf1ad02b6b546b081f56","SHA1 of 25619048c784ddcb38b3758c27dc05f1a48e55fe9639761e528b95705407e2e0"
"FileHash-SHA1","d020122e30cd134f268feb9ba2a586a0f26d34a7","SHA1 of d5d62c2a49dbdc3bbefc192222e146d2054b428d51ca7a4166d90605e37c90e4"
"FileHash-SHA1","49dcf37a5b16b5845fcb3a79c62b08c2a5353a1b","SHA1 of bedabe0dfaecc645da703929e5cd428945a748761e9a6e4fdbb1803326cbeaf0"
"FileHash-SHA1","bfa077a6fce27945e711b5570a69b3fd26a3f91c","SHA1 of 2e5b977b5e509fc1c0d817a73b18c8c57a7e249bfd8728435f58b0a1679231e0"
"FileHash-SHA1","6150c4c028394c77287147fcb0634d733eeb37b1","SHA1 of 2d976485b5a88d0bd0a3c4c185671ee4922b3cd0b8c7f131df6963c22c742e64"
"FileHash-SHA1","eab5e6405130fac263e36d75ccb689f7461f0163","SHA1 of 10991c3b0254846cf3603a9d431a7702b45cfbb6dd460ab39bd1ac13bd94c3ca"
"FileHash-SHA1","dc735d364287ded03890db604d09ab2b60b35a40","SHA1 of fa23ca1ea392f23bd1122f8618e30ea21116cdc19aee99a61da047eaf55e8b21"
"FileHash-SHA1","1a9e00e8f06c3057bdf1e1ba49b697f0a9e9af40","SHA1 of cab057b091d130640b29baf029eef89c47bd9c70fbe7bc3bcddd0e0d7dddfa62"
"URL","https://53.23.200.192.in-addr.arpa",""
"URL","http://53.23.200.192.in-addr.arpa",""
"URL","https://58.211.192.in-addr.arpa",""
"URL","http://58.211.192.in-addr.arpa",""
"URL","http://44.212.203.192.in-addr.arpa",""
"URL","https://11.56.168.192.in-addr.arpa",""
"URL","http://11.56.168.192.in-addr.arpa",""
"URL","https://27.112.192.in-addr.arpa",""
"URL","http://27.112.192.in-addr.arpa",""
"URL","http://100.56.168.192.in-addr.arpa",""
"URL","https://1.56.168.192.in-addr.arpa",""
"URL","http://1.56.168.192.in-addr.arpa",""
"URL","http://142.167.192.in-addr.arpa/",""
"URL","http://142.167.192.in-addr.arpa",""
"hostname","107.227.192.in-addr.arpa",""
"hostname","106.20.192.in-addr.arpa",""
"hostname","106.171.192.in-addr.arpa",""
"hostname","104.24.192.in-addr.arpa",""
"hostname","103.187.192.in-addr.arpa",""
"hostname","102.155.192.in-addr.arpa",""
"hostname","101.187.192.in-addr.arpa",""
"hostname","10.145.192.in-addr.arpa",""
"hostname","58.211.192.in-addr.arpa",""
"hostname","53.23.200.192.in-addr.arpa",""
"URL","http://144.222.192.in-addr.arpa/",""
"URL","http://144.222.192.in-addr.arpa",""
"URL","https://44.212.203.192.in-addr.arpa",""
"hostname","142.167.192.in-addr.arpa",""
"hostname","148.95.192.in-addr.arpa",""
"hostname","144.24.192.in-addr.arpa",""
"hostname","127.174.192.in-addr.arpa",""
"hostname","125.227.192.in-addr.arpa",""
"hostname","124.117.192.in-addr.arpa",""
"hostname","116.200.192.in-addr.arpa",""
"hostname","110.243.192.in-addr.arpa",""
"hostname","110.119.192.in-addr.arpa",""
"hostname","108.174.192.in-addr.arpa",""
"URL","http://106.171.192.in-addr.arpa/",""
"URL","http://106.20.192.in-addr.arpa/",""
"URL","http://110.119.192.in-addr.arpa/",""
"hostname","253.255.255.239.in-addr.arpa",""
"hostname","3.2.255.239.in-addr.arpa",""
"hostname","1.56.168.192.in-addr.arpa",""
"hostname","100.56.168.192.in-addr.arpa",""
"hostname","11.56.168.192.in-addr.arpa",""
"hostname","27.112.192.in-addr.arpa",""
"hostname","44.212.203.192.in-addr.arpa",""
"URL","http://253.255.255.239.in-addr.arpa",""
"URL","http://3.2.255.239.in-addr.arpa",""
"URL","http://10.145.192.in-addr.arpa/",""
"URL","http://101.187.192.in-addr.arpa/",""
"URL","http://102.155.192.in-addr.arpa/",""
"URL","http://103.187.192.in-addr.arpa/",""
"URL","http://104.24.192.in-addr.arpa/",""
"hostname","144.222.192.in-addr.arpa",""
"URL","http://108.174.192.in-addr.arpa/",""
"URL","http://107.227.192.in-addr.arpa/",""
"URL","http://110.243.192.in-addr.arpa/",""
"URL","http://116.200.192.in-addr.arpa/",""
"URL","http://124.117.192.in-addr.arpa/",""
"URL","http://125.227.192.in-addr.arpa/",""
"URL","http://127.174.192.in-addr.arpa/",""
"URL","http://144.24.192.in-addr.arpa/",""
"URL","http://148.95.192.in-addr.arpa/",""
"URL","https://100.56.168.192.in-addr.arpa",""
"URL","https://142.167.192.in-addr.arpa",""
"URL","https://144.222.192.in-addr.arpa",""
"domain","192.in-addr.arpa",""
"URL","http://104.56.168.192.in-addr.arpa/",""
"domain","239.in-addr.arpa",""
"URL","http://250.255.255.239.in-addr.arpa/",""
"FileHash-SHA256","1a5c12ad81440e25dca1eee86fd2f012dd18e2667d21ca64ae7134304e7022f0",""
"hostname","www.download.windowsupdate.com",""
"hostname","ssl003.insnw.net",""
"hostname","ocsp2.globalsign.com",""
"hostname","ocsp.globalsign.com",""
"hostname","ocsp.digicert.com",""
"hostname","f.2.b.3.d.e.b.d.4.4.e.3.d.d.c.8.0.0.0.0.0.0.0.0.0.0.0.0.0.8.e.f.ip6.arpa",""
"hostname","f.0.7.f.3.f.5.9.6.c.2.9.a.c.c.f.0.0.0.0.0.0.0.0.0.0.0.0.0.8.e.f.ip6.arpa",""
"hostname","59.13.101.95.in-addr.arpa",""
"hostname","29.220.184.93.in-addr.arpa",""
"hostname","102.56.168.192.in-addr.arpa",""
"hostname","104.56.168.192.in-addr.arpa",""
"hostname","226.20.18.104.in-addr.arpa",""
"hostname","183.31.33.192.in-addr.arpa",""
"hostname","250.255.255.239.in-addr.arpa",""
"SSLCertFingerprint","70:aa:fe:0a:14:7a:92:7d:3d:db:78:62:da:13:5e:e4:7b:f7:b5:f0",""
"domain","leaseservices.eu",""
"hostname","droppoint.betterbe.com",""
"hostname","mail.betterbe.com",""
"hostname","www.betterbe.com",""
"hostname","mx02.betterbe.com",""
"hostname","ns1.betterbe.com",""
"hostname","nsauth1.betterbe.com",""
"hostname","nsauth2.betterbe.com",""
"URL","http://betterbe.com/",""
"URL","http://droppoint.betterbe.com/",""
"URL","http://mail.betterbe.com/",""
"URL","https://www.betterbe.com",""
"URL","https://www.betterbe.com/about-us",""
"URL","https://www.betterbe.com/cases/arval-using-leaseservices-api-througout-europe/",""
"domain","betterbe.com",""
"FileHash-SHA256","8e13c70505a390e179e7eda538396b74153fe8e941077da10d4476562cfd6d53",""
"FileHash-MD5","7c785a69371cde92b0fd3ebb54d31f5b",""
"domain","bodis.com",""
"FileHash-SHA256","00d4b4b0057338c677c6bc6015aab5ef0228e2bc16ea015bd62604f85ef92b09",""
"FileHash-SHA256","04beeb5f3da47e1cf3c69403dd533e14ad4c47f667aa2498072c32301f83ac1e",""
"FileHash-SHA256","0611ffbfab2bfdb312f4f19e68bfa623c67a405daaf1949ea91c149452a7a169",""
"FileHash-SHA256","09440e0bd4ce64faa48d7534db9abbc83bea3e447d2c086b8fd308599100dc4f",""
"FileHash-SHA256","15fa32caac17728092dc3fb408bcf6954c0add0aedb46dacd80d95cc51e5e910",""
"FileHash-SHA256","19d509e6776aeb58be41f7882ef88ef0952f9864c3644d87016e62ee8fe05fec",""
"FileHash-SHA256","1a24c3d7df207d1333f3fb6e553343a1823cfdc352aee868de32e3db490096a9",""
"FileHash-SHA256","25dc78769781170c04f1e1646ab54ddac46d7857a7024fde4217783fa73ce37d",""
"FileHash-SHA256","2aaf74cd64c17ebbf663f3a28f7136d0992b50fa1ffb7d283c8bdcb750dfa12a",""
"FileHash-SHA256","2ea978432de675e2fd6bab18a1856e1661edaf9f2c5174d3baf9f5d2cf30a5ad",""
"FileHash-SHA256","3ba5d8ba1a97c4b99644674701e99fec20b925ca3d116a271661b977c55da090",""
"FileHash-SHA256","3fcba914a584764927e64b757a3cd8089251d3209db34e397956c72adcda7b75",""
"FileHash-SHA256","59748ae0a9266d8e552c5f033f63b968bf59bf7d67ba0d45434fd84a1c60727f",""
"FileHash-SHA256","89c7edeb0dd74f8efe6c353d6d94d683bc8025cff1630e9eb7f23130178bb4ee",""
"FileHash-SHA256","993f6b1d6e7cac50de32eaa1f2407f5870c5ddeb692b0c0598329447bfdd8e2f",""
"FileHash-SHA256","b215b41fc8ef342c3c472d5be0793c50f230bb89b2f57d6c56b7539311d7ec88",""
"FileHash-SHA256","e62a974b7fe577d73597a47d9443766d073f9308cd9b80314fb695f14ce15a00",""
"FileHash-SHA256","ee7e517c6a1ffb5f1d5784abf1df9fa290c45cf031d724df88c3ff7db6a6ae58",""
"FileHash-SHA256","f1ed11891b052962003c642a05a80c769470f84052ceb612ac78a54d671cc4ff",""
"FileHash-SHA256","f975b2e0a66db149ea1d80f0076d50a1c25471d883abce7c246a2d129e396769",""
"URL","http://tracking.bodis.com/tlpv?d=eyJkb21haW5fbmFtZSI6Im11Z3VwLmluZm8iLCJzZXJ2ZXIiOjkxLCJ0ZXJtcyI6W10sIlVSTCI6Imh0dHA6XC9cL3d3MjUubXVndXAuaW5mb1wvRHVyZ2EtUHVqYVwvIiwicmVmZXJyZXIiOiIiLCJzdWJJZHMiOlsiMjAyMDA3MjQtMDAzMC0zMjRiLWJhZTgtMGRkZTJhYjkxNTY2Il0sImR3Ijo5ODUsImRoIjo1NTksInJ3Ijo4MDAsInJoIjo1NjF9&t=1595514633&abp=0",""
"URL","http://tracking.bodis.com/tlpv?d=eyJkb21haW5fbmFtZSI6Im1ldHJhcS5jb20iLCJzZXJ2ZXIiOjg0LCJ0ZXJtcyI6W10sIlVSTCI6Imh0dHA6XC9cL3d3Ny5tZXRyYXEuY29tXC8iLCJyZWZlcnJlciI6IiIsImR3Ijo5ODEsImRoIjo1NjAsInJ3Ijo5ODUsInJoIjo2OTF9&t=1591889298&abp=0",""
"URL","http://tracking.bodis.com/tlpv?d=eyJkb21haW5fbmFtZSI6Im9mZmVyd3d3LmNvbSIsInNlcnZlciI6ODEsInRlcm1zIjpbIjIyNzA2MjMiLCIyMjcwNjI0IiwiMjI3MDYyNSIsIjIyNzA2MjYiLCIyMjcwNjI3Il0sIlVSTCI6Imh0dHA6XC9cL29mZmVyd3d3LmNvbVwvIiwicmVmZXJyZXIiOiIiLCJkdyI6OTg1LCJkaCI6NjE2LCJydyI6OTg1LCJyaCI6NjkxfQ&t=1598208003&abp=0",""
"URL","http://tracking.bodis.com/tlpv?d=eyJkb21haW5fbmFtZSI6ImNoYW5nZHUuY28iLCJzZXJ2ZXIiOjgxLCJ0ZXJtcyI6W10sIlVSTCI6Imh0dHA6XC9cL3d3MS5jaGFuZ2R1LmNvXC8iLCJyZWZlcnJlciI6IiIsImR3Ijo5ODUsImRoIjo2NjYsInJ3Ijo5ODUsInJoIjo2OTF9&t=1591823783&abp=0",""
"URL","http://tracking.bodis.com/tlpv?d=eyJkb21haW5fbmFtZSI6ImNsdWItYmVlc3QuY29tIiwic2VydmVyIjo5MSwidGVybXMiOltdLCJVUkwiOiJodHRwOlwvXC93dzcuY2x1Yi1iZWVzdC5jb21cLyIsInJlZmVycmVyIjoiIiwiZHciOjk4MSwiZGgiOjU2MCwicnciOjk4NSwicmgiOjY5MX0&t=1598164301&abp=0",""
"URL","http://tracking.bodis.com/tlpv?d=eyJkb21haW5fbmFtZSI6ImRldm9wZW5zZXJ2LmNvbSIsInNlcnZlciI6ODEsInRlcm1zIjpbXSwiVVJMIjoiaHR0cDpcL1wvd3cyNS5kcDMuZGV2b3BlbnNlcnYuY29tXC9vZmZlcndhbGxMaXN0IiwicmVmZXJyZXIiOiIiLCJzdWJJZHMiOlsiMjAyMDA4MDEtMDUxNC0zOTE2LTk3YWItMjMzNjA5M2FmZjEyIl0sImR3Ijo3MzksImRoIjo5MTMsInJ3Ijo2MDAsInJoIjo3NjF9&t=1596222879&abp=0",""
"URL","http://tracking.bodis.com/tlpv?d=eyJkb21haW5fbmFtZSI6ImZyZWVhcHBzdG9yZS5pbiIsInNlcnZlciI6ODEsInRlcm1zIjpbXSwiVVJMIjoiaHR0cDpcL1wvZnJlZWFwcHN0b3JlLmluXC9tdXNpY1wvaW5kZXgucGhwIiwicmVmZXJyZXIiOiIiLCJkdyI6OTgxLCJkaCI6MTA3MiwicnciOjczOSwicmgiOjkzN30&t=1594991805&abp=0",""
"URL","http://tracking.bodis.com/tlpv?d=eyJkb21haW5fbmFtZSI6Imp1eml4aWFuZ3NodWkuY29tIiwic2VydmVyIjo4MSwidGVybXMiOltdLCJVUkwiOiJodHRwOlwvXC93dzcuanV6aXhpYW5nc2h1aS5jb21cLyIsInJlZmVycmVyIjoiIiwiZHciOjk4MSwiZGgiOjEwNzIsInJ3Ijo3MzksInJoIjo5Mzd9&t=1595890092&abp=0",""
"URL","http://tracking.bodis.com/tlpv?d=eyJkb21haW5fbmFtZSI6InByb2dyYW1tZXJzaW5zdGl0dXRlLmNvbSIsInNlcnZlciI6ODEsInRlcm1zIjpbXSwiVVJMIjoiaHR0cDpcL1wvd3cxLnByb2dyYW1tZXJzaW5zdGl0dXRlLmNvbVwvIiwicmVmZXJyZXIiOiIiLCJkdyI6OTgxLCJkaCI6NTYwLCJydyI6OTg1LCJyaCI6NjkxfQ&t=1594332083&abp=0",""
"URL","http://tracking.bodis.com/tlpv?d=eyJkb21haW5fbmFtZSI6InByb2dyYW1tZXJzaW5zdGl0dXRlLmNvbSIsInNlcnZlciI6ODEsInRlcm1zIjpbXSwiVVJMIjoiaHR0cDpcL1wvd3cxLnByb2dyYW1tZXJzaW5zdGl0dXRlLmNvbVwvIiwicmVmZXJyZXIiOiIiLCJkdyI6OTgxLCJkaCI6NTYwLCJydyI6OTg1LCJyaCI6NjkxfQ&t=1595801157&abp=0",""
"URL","http://tracking.bodis.com/tlpv?d=eyJkb21haW5fbmFtZSI6InByb2dyYW1tZXJzaW5zdGl0dXRlLmNvbSIsInNlcnZlciI6ODEsInRlcm1zIjpbXSwiVVJMIjoiaHR0cDpcL1wvd3cxLnByb2dyYW1tZXJzaW5zdGl0dXRlLmNvbVwvIiwicmVmZXJyZXIiOiIiLCJkdyI6OTgxLCJkaCI6NTYwLCJydyI6OTg1LCJyaCI6NjkxfQ&t=1596775123&abp=0",""
"URL","http://tracking.bodis.com/tlpv?d=eyJkb21haW5fbmFtZSI6InByb2dyYW1tZXJzaW5zdGl0dXRlLmNvbSIsInNlcnZlciI6ODEsInRlcm1zIjpbXSwiVVJMIjoiaHR0cDpcL1wvd3cxLnByb2dyYW1tZXJzaW5zdGl0dXRlLmNvbVwvIiwicmVmZXJyZXIiOiIiLCJkdyI6OTgxLCJkaCI6NTYwLCJydyI6OTg1LCJyaCI6NjkxfQ&t=1597953947&abp=0",""
"URL","http://tracking.bodis.com/tlpv?d=eyJkb21haW5fbmFtZSI6InByb2dyYW1tZXJzaW5zdGl0dXRlLmNvbSIsInNlcnZlciI6ODEsInRlcm1zIjpbXSwiVVJMIjoiaHR0cDpcL1wvd3cxLnByb2dyYW1tZXJzaW5zdGl0dXRlLmNvbVwvIiwicmVmZXJyZXIiOiIiLCJkdyI6OTgxLCJkaCI6NTYwLCJydyI6OTg1LCJyaCI6NjkxfQ&t=1599451635&abp=0",""
"URL","http://tracking.bodis.com/tlpv?d=eyJkb21haW5fbmFtZSI6InByb2dyYW1tZXJzaW5zdGl0dXRlLmNvbSIsInNlcnZlciI6ODEsInRlcm1zIjpbXSwiVVJMIjoiaHR0cDpcL1wvd3cxLnByb2dyYW1tZXJzaW5zdGl0dXRlLmNvbVwvIiwicmVmZXJyZXIiOiIiLCJkdyI6OTgxLCJkaCI6NTYwLCJydyI6OTg1LCJyaCI6NjkxfQ&t=1599784249&abp=0",""
"URL","http://tracking.bodis.com/tlpv?d=eyJkb21haW5fbmFtZSI6InByb2dyYW1tZXJzaW5zdGl0dXRlLmNvbSIsInNlcnZlciI6ODQsInRlcm1zIjpbXSwiVVJMIjoiaHR0cDpcL1wvd3cxLnByb2dyYW1tZXJzaW5zdGl0dXRlLmNvbVwvIiwicmVmZXJyZXIiOiIiLCJkdyI6OTgxLCJkaCI6NTYwLCJydyI6OTg1LCJyaCI6NjkxfQ&t=1596926278&abp=0",""
"URL","http://tracking.bodis.com/tlpv?d=eyJkb21haW5fbmFtZSI6InByb2dyYW1tZXJzaW5zdGl0dXRlLmNvbSIsInNlcnZlciI6ODQsInRlcm1zIjpbXSwiVVJMIjoiaHR0cDpcL1wvd3cxLnByb2dyYW1tZXJzaW5zdGl0dXRlLmNvbVwvIiwicmVmZXJyZXIiOiIiLCJkdyI6OTgxLCJkaCI6NTYwLCJydyI6OTg1LCJyaCI6NjkxfQ&t=1597438638&abp=0",""
"URL","http://tracking.bodis.com/tlpv?d=eyJkb21haW5fbmFtZSI6InByb2dyYW1tZXJzaW5zdGl0dXRlLmNvbSIsInNlcnZlciI6OTEsInRlcm1zIjpbXSwiVVJMIjoiaHR0cDpcL1wvd3cxLnByb2dyYW1tZXJzaW5zdGl0dXRlLmNvbVwvIiwicmVmZXJyZXIiOiIiLCJkdyI6OTgxLCJkaCI6NTYwLCJydyI6OTg1LCJyaCI6NjkxfQ&t=1596752096&abp=0",""
"URL","http://tracking.bodis.com/tlpv?d=eyJkb21haW5fbmFtZSI6InRyZmxvZy5jb20iLCJzZXJ2ZXIiOjgxLCJ0ZXJtcyI6W10sIlVSTCI6Imh0dHA6XC9cL3d3Ny50cmZsb2cuY29tXC8iLCJyZWZlcnJlciI6IiIsImR3Ijo5ODEsImRoIjo1NjAsInJ3Ijo5ODUsInJoIjo2OTF9&t=1596663092&abp=0",""
"URL","http://tracking.bodis.com/tlpv?d=eyJkb21haW5fbmFtZSI6IndnaGFpLmNvbSIsInNlcnZlciI6ODQsInRlcm1zIjpbXSwiVVJMIjoiaHR0cDpcL1wvd3d3LndnaGFpLmNvbVwvIiwicmVmZXJyZXIiOiIiLCJkdyI6Nzg0LCJkaCI6NDkwLCJydyI6MTQ0MCwicmgiOjkwMH0&t=1592838756&abp=0",""
"URL","https://tracking.bodis.com",""
"hostname","www.searchfusion.info",""
"hostname","www.searchfusion.com",""
"hostname","www.gstatic.com",""
"hostname","survey.g.doubleclick.net",""
"hostname","pbid.pro-market.net",""
"hostname","2fwww.searchfusion.info",""
"domain","goo.com",""
"URL","http://www.searchfusion.info/Accept-Language:",""
"domain","httpgoo.com",""
"FileHash-SHA256","2a5e20741f65f84954243ec1d6882bf83da7a2af07872ce78024328474cdc64b",""
"FileHash-SHA256","02a2743771fc29b2337c71731f92e85cb2643b5d970f57e701b5662769b7f4f5",""
"FileHash-SHA256","aa17e55221a51fbbddb6c6c2c75d3f9a2cab963ad641df886a710dcc25c91466",""
"FileHash-SHA256","f02939d2397337786555a7b056f508b42a13e4c09cc6ce973eadf54e4151c25d",""
"FileHash-SHA256","5f03bdd801fa93531579f4e438a2ed1db4c37df68ecfea37ec95a8e8019a9547",""
"FileHash-SHA256","290ce4e826f932410679cd9fc7db046baa1fc38139d32b4f9e9c4cccf89708de",""
"FileHash-SHA256","de4e966a573e20f9341f1bebcdf477369df4a963d9759e780ad8221727876c5d",""
"FileHash-SHA256","678085c8876ea8eb7001662d21e1eece17dbd986ee22c3eb4024ba987feb851e",""
"FileHash-SHA256","7e2e4e32d2397396716446c72822e00ab2bd53cd63c927f80c4a123101e44a01",""
"FileHash-SHA256","775853600060162c4b4e5f883f9fd5a278e61c471b3ee1826396b6d129499aa7","SHA256 of e4f30e49120657d37267c0162fd4a08934800c69"
"FileHash-SHA256","5304d16a053284159a9a34d98382e1ec839bc48a9a3c12df5f78afeaa86a4536",""
"FileHash-SHA256","b3101e5edf8457460ff8fe7a7799fed7d9b3761d2f9e563aca4e7b812c1f8be8",""
"FileHash-SHA256","6f7f8b3da60292a54eed929998bcb3c9f9ee4420ae517649e52c31f04cb8a471",""
"FileHash-SHA256","98881805af50c26f79c1bc073dc578979c46bb4f86051011a3799fd8b6b01c63",""
"FileHash-SHA256","70c00f3802ece71597b59f50d547a7141108f256110cb72a6d149c39b4142e45",""
"FileHash-SHA256","9a612c761fa49f0d97265b155f4bb85aeaf1728f1efa565d10863e0194738ee9",""
"FileHash-SHA256","fa7f4d6b55fb51aae8b4595f193f3f50c84a710ea73039d0ff5d3f6a3d981491",""
"FileHash-SHA256","11be289cea2a76840a1a322a440144c477b437ab9dc40fa81acb4cd802965870",""
"FileHash-SHA256","62b07c12e0e5b4a0ac9c31b3281f7f213593acef6d0437771435cfa46db8df14",""
"FileHash-SHA256","ab32c1591753818dea1fb682531e0d2aa4962be258675b2fe258aa47582ca336",""
"FileHash-SHA256","9f77d3fd75e8d13e67f84aa59df8a91fdbe8cf9493d97a0a1b539beb4bb35b54",""
"FileHash-SHA256","699a8afc24a36d39e73928b0ac1a76947a40859e760f09f6c5cfc02c96b7d76d",""
"FileHash-SHA256","81ba60d9b440b1ed23c71c63d2109adad43c1d91373e7110e9501f9d9ea78a10",""
"FileHash-SHA256","ef1955ae757c8b966c83248350331bd3a30f658ced11f387f8ebf05ab3368629","SHA256 of d5fceb6532643d0d84ffe09c40c481ecdf59e15a"
"FileHash-SHA256","c8d175c6adc07ae0b3706543f592e81e9ae64815c67bdb6b61bcc5beaca50636",""
"FileHash-SHA256","a5fa81efc29a2ee77843985a09215a61c5c3dbee3ae152d90f3edc0b217eb271",""
"FileHash-SHA256","6b14f147cafdd13726045ae420dac28a4e957eb5fd785aea87e34071219d0c01",""
"FileHash-SHA256","e586a84d8523747f42e510d78e141015b6424cf67d612854e892a7bcedc8ec9e","SHA256 of 317496a096d6c86486a71d4521994bcd171a6bb3"
"FileHash-SHA256","6d8a01dc7647bc218d003b58fe04049e24a9359900b7e0cebae76edf85b8b914","SHA256 of ea13848d33c2c7f4f4baa39348aeb1dbfad3df31"
"FileHash-SHA256","19170bd75edc0b5183a2f9fcc3001d9d222deff61e5915ad1127b65ab581a2a1","SHA256 of 08afdc36927b6c4e03c3088e5c9c812cc4215ede"
"FileHash-SHA256","7dc8284c51c9a38dc1bf03bd28857ea5336e8f5c564eddbb1c9082ee43c93738",""
"FileHash-SHA256","7b6015569b730a0ba30a412e2afd42298dc7995536ed532845a8168444091981",""
"FileHash-SHA256","c7739ca55eaa0f6082373fce301a7ba42fba06e6ffadfb72ed77d9e101cfceeb",""
"FileHash-SHA256","0657d6745f6f1e059ee550d3bc9a92bbb8dd50b0fcb415b70ead4172a7065f88",""
"FileHash-SHA256","7890a3418689e3fb4089848dbe1df30fad0767e9b8ae191d7e3235f1d08bd7c4",""
"FileHash-SHA256","f5c17ce3a994ad9a8d18c3e417d9f4a8103d036a7b0cc4deb9dd253a35c32a5c",""
"FileHash-SHA256","55251eb9272a1c8782718c67075866c66ded8092a19671a71a73f20a34d673c4",""
"FileHash-SHA256","c6a5377cbc07eece33790cfc70572e12c7a48ad8296be25c0cc805a1f384dbad","SHA256 of 3c96c993500690d1a77873cd62bc639b3a10653f"
"URL","http://goo.com/",""
"URL","http://goo.com",""
"hostname","tracking.bodis.com",""
"FileHash-MD5","5a34cb996293fde2cb7a4ac89587393a","MD5 of 3c96c993500690d1a77873cd62bc639b3a10653f"
"FileHash-MD5","578ffa4b4f8062dd3e8fdf4ac79d753a",""
"FileHash-MD5","dcb973d1a0d4231315356d5b3277876f",""
"FileHash-MD5","cf1f0162d66fc1d80da64aafdeb1ffc8",""
"FileHash-MD5","cfef5ca84aabd532dc58597652cae4da",""
"FileHash-MD5","a5a6bbeccca08dc81b3738deb8ba913f",""
"FileHash-MD5","ee15729300b381d24bb472ca572eaff0",""
"FileHash-MD5","9f15314b5a5de92f41ca75a2395f85bb",""
"FileHash-MD5","1b2a689a62db844c205695b350286cee",""
"FileHash-MD5","dbcbb5e200f3fa07f2bd5305a6832fec",""
"FileHash-MD5","3da8ea12b7cf0aeddcc9edeaa6b5ed67",""
"FileHash-MD5","a3a0ab36ad44ecfaeceb78913e17aa6d",""
"FileHash-MD5","d9f8793364a2ddd6fdb80c13a6e74f54",""
"FileHash-MD5","adb9ecb00d11273a9eabfe4f3344f7ea",""
"FileHash-MD5","67d69233fdf9a5daa3ccd22361216c11",""
"FileHash-MD5","f8ba60987a6e9c7d90f5efae49d020fe",""
"FileHash-MD5","9fb559a691078558e77d6848202f6541","MD5 of ea13848d33c2c7f4f4baa39348aeb1dbfad3df31"
"FileHash-MD5","e7d5dd7ed186e227a0373fe36ed61494",""
"FileHash-MD5","1d809443b796a8de397ea895a4ee4d50",""
"FileHash-MD5","c339f39dd794240391e0bb1bdb965263",""
"FileHash-MD5","3dd21f99110f66c835159e560e9a89c2",""
"FileHash-MD5","d9ec7a237151553083b3a5c6b2523fa0",""
"FileHash-MD5","6a1f0b6fbb41d588eca10dcb9d254bb6",""
"FileHash-MD5","449f61c84cd2f7342f95403c908c0603","MD5 of 08afdc36927b6c4e03c3088e5c9c812cc4215ede"
"FileHash-MD5","6dc72f0b5bdbfa82320c60ec51049556",""
"FileHash-MD5","b277d7865a040b06fb8f43cfa4162af0",""
"FileHash-MD5","fc94baa545fd27535bb1e3273700d410",""
"FileHash-MD5","00ae80f3533cafe230bac75bd322fae3",""
"FileHash-MD5","55fade2068e7503eae8d7ddf5eb6bd09","MD5 of 317496a096d6c86486a71d4521994bcd171a6bb3"
"FileHash-MD5","fa518e3dfae8ca3a0e495460fd60c791","MD5 of e4f30e49120657d37267c0162fd4a08934800c69"
"FileHash-MD5","8d5fcd4cc9290aa1edbeefc6bf8442d0",""
"FileHash-MD5","d89746888da2d9510b64a9f031eaecd5","MD5 of d5fceb6532643d0d84ffe09c40c481ecdf59e15a"
"FileHash-MD5","2c7e60aab725d1bae1bdb1b704f0ca4d",""
"FileHash-MD5","26229e18019c5540d8e76f0f1e912227",""
"FileHash-MD5","63626492604b82b0d2c13ff1526d18a8",""
"FileHash-MD5","cd12c76e384a91f2c19b8f64a69185db",""
"FileHash-MD5","d9d754520ae3340aa37cca6115eee05b",""
"FileHash-MD5","854e634583614dae90cc1965cc318270",""
"FileHash-SHA1","3c96c993500690d1a77873cd62bc639b3a10653f",""
"FileHash-SHA1","7a2bbc00f3c550cf0bd566fa478e320ffc2a628b",""
"FileHash-SHA1","e4f30e49120657d37267c0162fd4a08934800c69",""
"FileHash-SHA1","61663123d9e1988f5b4c8d925550cc053329d049",""
"FileHash-SHA1","3ff29d2b7f499f1018419c70ccb46ae69baf439f",""
"FileHash-SHA1","08afdc36927b6c4e03c3088e5c9c812cc4215ede",""
"FileHash-SHA1","a0320372760d99c762cb2eb4b37f776625ef1b33",""
"FileHash-SHA1","57e05561ccf73dd29747875f043800943ec13bc9",""
"FileHash-SHA1","1a2b4189876454012a50a52b5e159c4b737e3032",""
"FileHash-SHA1","f93de1573bad83164f7a9f445015fb8f86ff29e8",""
"FileHash-SHA1","cf6908226a392e71db8c54d8574b446e6094a9a4",""
"FileHash-SHA1","fa5d7ef887674cf3abd5295977fd8c3503d87ad5",""
"FileHash-SHA1","4e66d41444c74d52b219f000fcb6562e51b60cba",""
"FileHash-SHA1","29e3c2b575e069c764b5f53d76bfe1acd34ec26c",""
"FileHash-SHA1","a363d6322870e7cfe67110baf82f9af01d40e879",""
"FileHash-SHA1","93c828575218b696f6d1f5647fd86d8d69d9a71f",""
"FileHash-SHA1","94d6fa8e0c3f9772bb26ceda504a01e05dcb9dc8",""
"FileHash-SHA1","1bc28ae5bcd35ac87cc415bf19ad731a9a2ef097",""
"FileHash-SHA1","742d2ed563c59671db479a799e6079faa3dac712",""
"FileHash-SHA1","d59c6b48dc6b8ef762de0186e457f57f4acaab58",""
"FileHash-SHA1","70ab64f26d7f65e5fd60ae81800963a96da65b03",""
"FileHash-SHA1","1a2cc7edb7e456d4a68c66ba734e39c90ca9c9e4",""
"FileHash-SHA1","a7030aceee1e050a26f1becd5ae9e9f47ca7da21",""
"FileHash-SHA1","5a1fe8b02026cd619d49069b54ed4571b9aeabe1",""
"FileHash-SHA1","a6837ed7273af16381f6684a4b02eb0e0d49fc13",""
"FileHash-SHA1","dd7d818ebc784149dd782a50ab286ef6667b7783",""
"FileHash-SHA1","82bd714c3e95a390b6acacacc1e39b7b0c5b7376",""
"FileHash-SHA1","322e8b827c2795acc4ec5454ad02946578e413c6",""
"FileHash-SHA1","ea13848d33c2c7f4f4baa39348aeb1dbfad3df31",""
"FileHash-SHA1","8151895563c7bf897f889513c03c93a4a516adb3",""
"FileHash-SHA1","0daf570c4bc5872ed3ae71a8cf983697ba907999",""
"FileHash-SHA1","d5fceb6532643d0d84ffe09c40c481ecdf59e15a",""
"FileHash-SHA1","0206e80ba0c3d1c4ab634d70e2647df55c649c45",""
"FileHash-SHA1","f936e5cafe6e3c70cb562bd9063e3730f1eb6e35",""
"FileHash-SHA1","fe7d68fd9382bbf32af2cc66322423839718e9a9",""
"FileHash-SHA1","80d70508b990971856dbfdb0eb5ce122cd6dd291",""
"FileHash-SHA1","317496a096d6c86486a71d4521994bcd171a6bb3",""
"FileHash-SHA1","b8b77ad967b8e0293821733a5820dd4809f22f8f",""
"hostname","www.38p.net",""
"hostname","ns1.38p.net",""
"URL","http://www.38p.net/about_us.php",""
"URL","http://www.38p.net/browser_add-on.php",""
"URL","http://www.38p.net/index.php",""
"URL","http://www.38p.net/privacy.php",""
"URL","http://www.38p.net/support.php",""
"URL","https://ns1.38p.net/count/count.php?target=../search_browser_SSL.xml",""
"URL","https://ns1.38p.net/verify.php",""
"URL","http://hit-kino.com/",""
"URL","http://hit-kino.com/4551-skachat-multfilm-oggi-i-kukarachi-oggi-i-tarakany-vse-serii-besplatno.html",""
"URL","http://hit-kino.com/7116-skachat-film-chudo-zhenschina-2017-bdrip.html",""
"URL","http://hit-kino.com/engine/download.php?id=857",""
"URL","http://hit-kino.com/engine/download.php?id=915",""
"URL","http://hit-kino.com/multfilmy/",""
"URL","http://hit-kino.com/uploads/posts/2012-12/1356949531_poster_fs5i2ltx0179.jpg",""
"URL","http://hit-kino.com/uploads/posts/2013-09/1378472838_poster_299e41dcc0730296.jpg",""
"URL","http://hit-kino.com/voennye/",""
"hostname","www.dairyuji.com",""
"URL","http://www.dairyuji.com/",""
"URL","http://www.dairyuji.com/keidaiannai.htm",""
"URL","http://www.dairyuji.com/kotu.htm",""
"URL","http://creativemod.org/",""
"URL","http://creativemod.org/cpubot.exe",""
"URL","http://creativemod.org/op10001.exe",""
"URL","http://creativemod.org/smk.exe",""
"FileHash-SHA256","0f06f3df5ceb08d0257831219ace0e2c1fe14b32e9fdd9641721e723c7b6536b",""
"FileHash-SHA256","5f567f200e071ffcd785cd86f24fb228e3cf0a7126ade0469f871c365f858cf2",""
"FileHash-SHA256","88d11aadd5df2d5a8f73a50b6e3a7308b8bd7e17aaba5b1ae8be29b8d4a9487f",""
"FileHash-SHA256","c1bbc3b4c49f1b88eaeb77e0e04aa6aa89706de18077afa416e60040e3ef4690",""
"FileHash-SHA256","fe18e5e57df2ce754528d412d6f33bb15d1daa2eef004182f1806c41433e3fc0",""
"domain","38p.net",""
"URL","http://199.241.30.233/",""
"URL","http://199.241.30.233:449/",""
"URL","https://199.241.30.233:449/",""
"URL","https://testsafebrowsing.appspot.com/s/phishing.html",""
"URL","https://testsafebrowsing.appspot.com/s/notif_geoloc_delay.html",""
"URL","https://testsafebrowsing.appspot.com/s/content.exe",""
"URL","https://testsafebrowsing.appspot.com/s/badrep.exe",""
"URL","https://testsafebrowsing.appspot.com/s/bad_login.html",""
"URL","https://testsafebrowsing.appspot.com/apiv4/OSX/SOCIAL_ENGINEERING/URL/",""
"URL","https://otx.alienvault.com/browse/pulses",""
"URL","http://testsafebrowsing.appspot.com/s/unwanted.html",""
"URL","http://testsafebrowsing.appspot.com/s/phishing.html",""
"URL","http://testsafebrowsing.appspot.com/s/content.exe",""
"URL","http://testsafebrowsing.appspot.com/s/bad_assets/large.png",""
"URL","http://testsafebrowsing.appspot.com/apiv4/OSX/MALWARE/URL/http://testsafebrowsing.appspot.com/s/bad_assets/large.png",""
"URL","http://testsafebrowsing.appspot.com/apiv4/OSX/MALWARE/URL/",""
"URL","http://testsafebrowsing.appspot.com/apiv4/IOS/MALWARE/URL/",""
"hostname","testsafebrowsing.appspot.com",""
"email","zik_designer@mail.ru",""
"email","toucan6712@163.com",""
"email","sergeitest13@mail.ru",""
"email","oleggar015@mail.ru",""
"domain","bing.com",""
"domain","ownip.net",""
"domain","dairyuji.com",""
"domain","creativemod.org",""
"domain","hit-kino.com",""
"domain","winxpsoft.co",""
"FileHash-SHA256","8f2faa7d3c8006ee870d36467ace63a7b9139ef3cfaae3da4ee9818b182319a9","SHA256 of 2acba13c8e92ea2b1704c17d8cb7e7dd77082e5d"
"URL","http://creativemod.org/gate.php",""
"URL","http://hit-kino.com",""
"URL","http://winxpsoft.co",""
"hostname","aassaass.ddns.net",""
"FileHash-MD5","cd243b30b9bbd682c082cfefdbf79acd","MD5 of 2acba13c8e92ea2b1704c17d8cb7e7dd77082e5d"
"FileHash-SHA1","2acba13c8e92ea2b1704c17d8cb7e7dd77082e5d",""
"CVE","CVE-2018-19974",""
"URL","http://chat9.ddns.net/",""
"URL","http://corgistsiper.ddns.net/5.html",""
"URL","https://corgistsiper.ddns.net",""
"URL","http://impotsgouv-finance.ddns.net/service-refimpots-snt12/service-remboursementimpots/",""
"URL","https://impotsgouv-finance.ddns.net/service-refimpots-snt12/service-remboursementimpots/sms.html",""
"URL","https://impotsgouv-finance.ddns.net/service-refimpots-snt12/service-remboursementimpots/sms1.htm",""
"URL","https://impotsgouv-finance.ddns.net/service-refimpots-snt12/service-remboursementimpots/sms2.html",""
"URL","http://hang3clip.ddns.net/",""
"URL","http://hang3clip.ddns.net/hotvideopro/ezjkxc272153/ezjkxc272153ezjkxc272153",""
"URL","http://lmnzarezfmy.ddns.net/",""
"URL","http://login-blockchain.ddns.net/",""
"URL","http://login-blockchain.ddns.net/log-in/blockchain",""
"URL","https://secure01-alert.ddns.net/login/2fa/login.php?&sessionid=JkBQptGwZfKVR4tJ2VGTnwu4n1glolEwiuJTwtMpojJniF0LFUwv750zKc1zR5pbjMuWuLbprJoUNiFL&ue",""
"URL","http://storage-venus2020.ddns.net/login.php?id=e232392221f5d3f5e4503c9a80ec9e9091a1127b",""
"URL","http://team-bnpvalidation.ddns.net/fr/login.php",""
"URL","http://aenr.colegiomaturana.com/",""
"URL","http://aenr.colegiomaturana.com/paypal/",""
"URL","http://aenr.colegiomaturana.com/paypal/index1.html",""
"URL","http://random-string.colegiomaturana.com/paypal/Centro.html",""
"URL","http://y75lwpwpwuge.colegiomaturana.com/",""
"URL","http://y75lwpwpwuge.colegiomaturana.com/paypal/",""
"URL","http://y75lwpwpwuge.colegiomaturana.com/paypal/Centro.html",""
"URL","http://y75lwpwpwuge.colegiomaturana.com/paypal/Errore.html",""
"URL","http://y75lwpwpwuge.colegiomaturana.com/paypal/index1.html",""
"URL","http://y75lwpwpwuge.colegiomaturana.com/paypal/index2.html",""
"URL","http://yab.colegiomaturana.com/",""
"URL","http://yab.colegiomaturana.com/paypal/",""
"URL","http://yab.colegiomaturana.com/paypal/index1.html",""
"URL","http://payppl.colegiomaturana.com/paypal/index3.html",""
"URL","http://kunf.colegiomaturana.com/",""
"URL","http://kunf.colegiomaturana.com/paypal/index1.html",""
"URL","http://ww11.mnews.mn/news/23/single/17424",""
"URL","http://ww25.mnews.mn/news/9/single/12477",""
"URL","http://www.mnews.mn/news/1/single/11211",""
"URL","http://www.mnews.mn/news/1/single/11429",""
"URL","http://www.mnews.mn/news/1/single/22308",""
"URL","http://www.mnews.mn/news/192/single/22253",""
"URL","http://www.mnews.mn/news/20/single/17448",""
"URL","http://www.mnews.mn/news/20/single/22275",""
"URL","http://www.mnews.mn/news/20/single/22288",""
"URL","http://www.mnews.mn/news/23/single/22316",""
"URL","http://www.mnews.mn/news/24/single/12129",""
"URL","http://www.mnews.mn/news/24/single/12521",""
"URL","http://www.mnews.mn/news/28/single/21733",""
"URL","http://www.mnews.mn/news/28/single/22300",""
"URL","http://www.mnews.mn/news/4/single/11552",""
"URL","http://www.mnews.mn/news/4/single/21659",""
"URL","http://www.mnews.mn/news/7/single/11769",""
"URL","http://www.mnews.mn/news/7/single/22058",""
"URL","http://www.mnews.mn/news/7/single/22290",""
"URL","http://www.mnews.mn/news/9/single/11953",""
"URL","http://www.mnews.mn/upload/images/12643036_571259483042491_2306768701826607721_n.jpg",""
"URL","http://www.mnews.mn/upload/images/12651123_571259666375806_6606230496990295822_n.jpg",""
"URL","http://ns1.yuq.me/",""
"URL","http://mail.yuq.me/",""
"URL","http://aassaass.ddns.net",""
"URL","http://chat9.ddns.net",""
"URL","http://corgistsiper.ddns.net",""
"URL","http://hang3clip.ddns.net",""
"URL","http://impotsgouv-finance.ddns.net",""
"URL","http://lmnzarezfmy.ddns.net",""
"URL","http://login-blockchain.ddns.net",""
"URL","http://secure01-alert.ddns.net",""
"URL","http://storage-venus2020.ddns.net",""
"URL","http://team-bnpvalidation.ddns.net",""
"URL","https://aassaass.ddns.net",""
"URL","https://chat9.ddns.net",""
"URL","https://hang3clip.ddns.net",""
"URL","https://impotsgouv-finance.ddns.net",""
"URL","https://lmnzarezfmy.ddns.net",""
"URL","https://login-blockchain.ddns.net",""
"URL","https://secure01-alert.ddns.net",""
"URL","https://storage-venus2020.ddns.net",""
"URL","https://team-bnpvalidation.ddns.net",""
"hostname","chat9.ddns.net",""
"hostname","corgistsiper.ddns.net",""
"hostname","hang3clip.ddns.net",""
"hostname","impotsgouv-finance.ddns.net",""
"hostname","lmnzarezfmy.ddns.net",""
"hostname","login-blockchain.ddns.net",""
"hostname","secure01-alert.ddns.net",""
"hostname","storage-venus2020.ddns.net",""
"hostname","team-bnpvalidation.ddns.net",""
"FileHash-SHA256","2e4b5c78b0ef072772a46454e1c8a4d2c67f74caaf100570511335012eb406c2",""
"FileHash-SHA256","aabee53f6b67145578c599a73213e3da7820511792d290e10d0b5021ad223aa4",""
"URL","http://pirate.census.shodan.io",""
"URL","http://pirate.census.shodan.io/",""
"URL","https://pirate.census.shodan.io",""
"URL","http://dlc.zona-uploads.ru/download2/01/tqOzvbnnpqD/46ekpaLp+/qwuKq6v6jys7urh46Oh4eKioPGm5/Ei4iasIicnsyHgZTKyd+ekpjAyc82MzU0NTY0IW5gZm5TZGoyCnDIng/pesni_voennyh_let.exe",""
"URL","http://dlc.zonaupload.ru/download2/07/eaerexdfbazzqquagwblxvwsggquhqpufrkjgrds5ehs6ogo9f2m7e740vbi/k7h5/aop7h88p6mq62rppizk5aug8doxmz1wsiqcm7+va/petr_i_10_klass.exe",""
"URL","http://zonaupload.ru/",""
"URL","http://zonaupload.ru/0s7oyocvldlvymnfyztjz8rfyjfd1dbe2dxw3smuym+v3d/o5d7vzdtw1dve5clx1uwjhdpehw==/torrent/75962/198054786/7torrent.exe",""
"URL","http://zonaupload.ru/0s7oyocvldlvymnfyztjz8rfyjfd1dbe2dxw3smuym+v3d/o5d7vzdtw1dve5clx1uwjhdpehw==/torrent/75962/198073642/7torrent.exe",""
"URL","http://zonaupload.ru/8u7u6qc1tfl16on/6btp7+r/6lf99fb++fx2/um06o+1/f/uxf717ft29fv+xel39swppfp+pw==/setup/51866/198053658/winamp.exe",""
"URL","http://zonaupload.ru/9enp7aeysvXy7+747rPu6O3477D68vH5/vLx+e6z7+iy+vjpwvny6vPx8vz5wuXw8cKuovT5oA==/classic/3771037/198072692/dr.exe",""
"URL","http://zonaupload.ru/eg4ockbvvrivcakfcvqjdwofcfcdfryegruwhgluca9vhr8ojr4vdrqwfrsejqixfivjrrmerw==/setup/5740666/198070524/0811-jovesmodpack_v10.exe",""
"URL","http://zonaupload.ru/rrkytvzp6a6ptlwjtei1s7ajtouhqaqipamqorxotlppoaoymakpsaiqqaeimb6rqpn1+a+i+w==/setup/5699782/198085158/qip2005_8082.exe",""
"URL","http://zonaupload.ru/wereqaofh1hfqknvqx5drubvqh1xx1xuu19cvemeqkufv1veb1rfr15cx1fub0hdxg8dd1ludq==/setup/5857840/198079178/vksaver-install.exe",""
"URL","http://accounts.googie.com.app2.world/",""
"URL","http://jdfkmiabjpfjacifcmihfdjhpnjpiick.com/",""
"URL","http://aenr.colegiomaturana.com/paypal",""
"URL","http://cartaitwpages9z0y.colegiomaturana.com/itwpages-22211",""
"URL","http://colegiomaturana.com/",""
"URL","http://colegiomaturana.com/itwpages-22211",""
"URL","http://colegiomaturana.com/moodle/course/index.php?categoryid=2",""
"URL","http://colegiomaturana.com/moodle/course/index.php?categoryid=21",""
"URL","http://contrs.colegiomaturana.com/",""
"URL","http://contrs.colegiomaturana.com/paypal",""
"URL","http://contrs.colegiomaturana.com/paypal/index2.html",""
"URL","http://random-string.colegiomaturana.com/",""
"URL","http://random-string.colegiomaturana.com/paypal",""
"URL","http://random-string.colegiomaturana.com/paypal/",""
"URL","http://sgnak.colegiomaturana.com/",""
"URL","http://sgnak.colegiomaturana.com/paypal",""
"URL","http://sgnak.colegiomaturana.com/paypal/index1.html",""
"URL","http://y75lwpwpwuge.colegiomaturana.com/paypal/index3.html",""
"URL","http://y75lwpwpwuge.colegiomaturana.com/paypal/index6.html",""
"URL","http://y75lwpwpwuge.colegiomaturana.com/paypal/signon.php",""
"URL","http://yab.colegiomaturana.com/paypal",""
"URL","http://cartasida.shirazresturan.ca/itwpages",""
"URL","http://visa1.globeximmigration.com/djijjh223",""
"URL","http://visa3h.shirazresturan.ca/",""
"URL","http://visa3h.shirazresturan.ca/djijjh223",""
"URL","http://visa5302n.shirazresturan.ca/",""
"URL","http://visaarpc9.globeximmigration.com/djijjh223",""
"URL","http://regit.strangled.net/",""
"URL","http://visam7st4m.globeximmigration.com/djijjh223",""
"URL","http://www.eshop.fmsi.it",""
"URL","http://www.eshop.fmsi.it/",""
"URL","http://www.eshop.fmsi.it/it/101-editoria",""
"URL","http://www.eshop.fmsi.it/modules/Sod/es.html",""
"URL","https://www.eshop.fmsi.it",""
"URL","https://www.eshop.fmsi.it/-/mercadobitcoin/suporte/?cliente=jujubinhademel@hotimail.com",""
"URL","http://www.fmsi.it/",""
"URL","http://www.fmsi.it/?p=2143",""
"URL","http://www.fmsi.it/XXXV-congresso-nazionale/",""
"hostname","www.pirate.census.shodan.io",""
"hostname","dlc.zona-uploads.ru",""
"hostname","aenr.colegiomaturana.com",""
"hostname","contrs.colegiomaturana.com",""
"hostname","cartaitwpages9z0y.colegiomaturana.com",""
"hostname","random-string.colegiomaturana.com",""
"hostname","sgnak.colegiomaturana.com",""
"hostname","y75lwpwpwuge.colegiomaturana.com",""
"hostname","yab.colegiomaturana.com",""
"hostname","kunf.colegiomaturana.com",""
"hostname","payppl.colegiomaturana.com",""
"hostname","www.vkmel.com",""
"hostname","eshop.fmsi.it",""
"hostname","nutrizioneesalute.fmsi.it",""
"domain","shodan.io",""
"domain","app2.world",""
"domain","strangled.net",""
"URL","http://yarisclub.gr/vb/forum/%CF%84%CE%BF-%CE%B1%CF%85%CF%84%CE%BF%CE%BA%CE%AF%CE%BD%CE%B7%CF%84%CF%8C-%CE%BC%CE%B1%CF%82/%CF%80%CF%81%CE%BF%CE%B2%CE%BB%CE%AE%CE%BC%CE%B1%CF%84%CE%B1/356125-%CF%80%CF%81%CE%BF%CE%B2%CE%BB%CE%B7%CE%BC%CE%B1-%CF%85%CE%B3%CF%81%CE%B1%CE%B5%CF%81%CE%B9%CE%BF%CE%BA%CE%B9%CE%BD%CE%B7%CF%83%CE%B7%CF%82-lpg",""
"URL","http://gsmforum.gr/",""
"URL","http://identity.panathinaikos24.gr/",""
"URL","http://panathinaikos24.gr/",""
"URL","http://panathinaikos24.gr/2016/02/25/i-vina-asiki-ologymni-pics-vids",""
"URL","http://panathinaikos24.gr/2016/11/28/sexy-video-tis-mariannas-ntouvli-pou-den-exete-ksanadei/",""
"URL","http://panathinaikos24.gr/basket",""
"URL","http://www.panathinaikos24.gr/?mobile",""
"URL","https://panathinaikos24.gr/",""
"URL","https://panathinaikos24.gr/2019/01/24/317362/live-streaming-panathinaikos-lamia/",""
"URL","https://panathinaikos24.gr/2019/05/13/330283/masterchef-spoiler-ekpliksi-apopse-feygei-o-agapimenos-paiktis-tou-koinou/",""
"URL","https://panathinaikos24.gr/2019/07/25/339477/anatropi-eleytheros-ellinas-gkarnt-zaxaronei-pao-tha-ton-parei-o-giannakopoulos/",""
"URL","https://panathinaikos24.gr/2019/08/02/340389/pao-alive-pentapsifia-katathesi-apo-mega-supporter-posa-xrimata-evale/",""
"URL","https://panathinaikos24.gr/2020/01/05/360916/olympiakos-panathinaikos-live-streaming-3/",""
"URL","https://panathinaikos24.gr/2020/02/10/365863/panathinaikos-prasines-diakriseis-stin-imerida/",""
"URL","https://panathinaikos24.gr/?mobile",""
"hostname","dev.panathinaikos24.gr",""
"hostname","identity.panathinaikos24.gr",""
"hostname","www.panathinaikos24.gr",""
"hostname","live.panathinaikos24.gr",""
"hostname","www.xurl.to",""
"URL","http://img.sceper.eu/",""
"URL","http://img.sceper.eu/images/smallville.jpg",""
"URL","http://googlew.fr/",""
"URL","http://googlew.fr:1/",""
"URL","http://mnews.mn/news/1/single/13083",""
"URL","http://mnews.mn/news/1/single/13084",""
"URL","http://mnews.mn/news/1/single/13099",""
"URL","http://mnews.mn/news/1/single/13121",""
"URL","http://mnews.mn/news/1/single/13126",""
"URL","http://mnews.mn/news/1/single/13158",""
"URL","http://mnews.mn/news/20/single/12734",""
"URL","http://mnews.mn/news/20/single/13155",""
"URL","http://mnews.mn/news/23/single/12035",""
"URL","http://mnews.mn/news/23/single/12920",""
"URL","http://mnews.mn/news/23/single/13074",""
"URL","http://mnews.mn/news/4/single/13087",""
"URL","http://mnews.mn/news/4/single/13150",""
"URL","http://mnews.mn/news/6/single/13112",""
"URL","http://mnews.mn/news/6/single/13145",""
"URL","http://mnews.mn/news/7/single/13122",""
"URL","http://mnews.mn/news/7/single/13127",""
"URL","http://mnews.mn/news/7/single/13129",""
"URL","http://mnews.mn/news/7/single/9207",""
"URL","http://mnews.mn/news/9/single/13161",""
"URL","http://organiceverything.com.au/",""
"URL","http://organiceverything.com.au/users/mypayapalonlineaccount/caseid347paypal/siginintopaypalaccount/sanza",""
"URL","http://organiceverything.com.au/users/mypayapalonlineaccount/caseid347paypal/siginintopaypalaccount/sanza/",""
"URL","http://organiceverything.com.au/users/mypayapalonlineaccount/caseid347paypal/siginintopaypalaccount/sanza/bidon.html",""
"URL","http://organiceverything.com.au/users/mypayapalonlineaccount/caseid347paypal/siginintopaypalaccount/sanza/bidon.html?onlineunitedstatesesslmyeiraccountloginLogintomyeirunitedstatesdonow",""
"URL","http://organiceverything.com.au/users/mypayapalonlineaccount/caseid347paypal/siginintopaypalaccount/sanza/bolog.html",""
"URL","http://organiceverything.com.au/users/mypayapalonlineaccount/caseid347paypal/siginintopaypalaccount/sanza/bolog.html?SDDSNSADNSDBSDA=SDAHSADGJHDSAHSADGDS7JHSDANSADSDAMBNSNDASDANMBDSAASD5SDBSADBJKNMASNBMDASNMSAD9MNSADBASDMNBSDABSDAMNSDAMNSDA8SADNMSDABNSDMABBMDANNDMSBDASBNASD",""
"URL","http://ww1.organiceverything.com.au/users/mypayapalonlineaccount/caseid347paypal/siginintopaypalaccount/sanza/bidon.html",""
"URL","http://ww1.organiceverything.com.au/users/mypayapalonlineaccount/caseid347paypal/siginintopaypalaccount/sanza/bolog.html?SDDSNSADNSDBSDA=SDAHSADGJHDSAHSADGDS7JHSDANSADSDAMBNSNDASDANMBDSAASD5SDBSADBJKNMASNBMDASNMSAD9MNSADBASDMNBSDABSDAMNSDAMNSDA8SADNMSDABNSDMABBMDANNDMSBDASBNASD",""
"URL","http://ww38.organiceverything.com.au/users/mypayapalonlineaccount/caseid347paypal/siginintopaypalaccount/sanza/bidon.html",""
"URL","http://ww38.organiceverything.com.au/users/mypayapalonlineaccount/caseid347paypal/siginintopaypalaccount/sanza/bolog.html",""
"URL","http://ww38.yuq.me/",""
"URL","http://yuq.me/users/59/230/KaCAebHEzR.gif",""
"URL","http://yuq.me:1/",""
"URL","https://yuq.me/userpics/42/890/2cc49193e987338820e8e84506cea688.jpg",""
"URL","https://yuq.me/users/18/630/S1fJBLb2Yx.png",""
"URL","https://yuq.me/users/23/079/W2kwa6hEeP.png",""
"URL","https://yuq.me/users/25/564/IBHm34jx7X.png",""
"URL","https://yuq.me/users/26/165/dFjVtkey1c.png",""
"URL","https://yuq.me/users/37/278/dzNvyoW3Mb.png",""
"URL","https://yuq.me/users/37/278/dzNvyoW3Mb.png?w=240",""
"URL","https://yuq.me/users/38/423/RELtwxfKeC.png",""
"URL","https://yuq.me/users/43/678/Ezkb9Vpucmt.png",""
"URL","https://yuq.me/users/49/357/oJGYtNh46zt.png",""
"URL","http://tor-exit-node.gertrude.stuken.me",""
"URL","http://tor-exit-node.gertrude.stuken.me/",""
"URL","http://tor-exit-4.all.de",""
"URL","http://tor-exit-4.all.de/",""
"URL","https://tor-exit-4.all.de",""
"hostname","ww11.mnews.mn",""
"hostname","ww25.mnews.mn",""
"hostname","ww38.mnews.mn",""
"hostname","www.mnews.mn",""
"hostname","ww1.organiceverything.com.au",""
"hostname","ww38.organiceverything.com.au",""
"hostname","ww25.organiceverything.com.au",""
"hostname","www.zero-noise.com",""
"hostname","ww38.yuq.me",""
"hostname","mail.yuq.me",""
"hostname","ns1.yuq.me",""
"FileHash-SHA256","8082473d56362eb73458e49bccf4768560f493d867c42b5c0dd3d2fa29e7677c",""
"domain","stuken.me",""
"domain","all.de",""
"CVE","CVE-2017-11882",""
"URL","http://anytone-radios.com",""
"URL","http://anytoneradios.com",""
"URL","http://fapat.me/upload/small/2015/07/14/55a53ec9bae76.jpg",""
"URL","http://fapat.me/upload/small/2016/07/25/579587e1cdb62.jpg",""
"URL","http://img.sceper.eu/images/53uk80wnw.jpg",""
"URL","http://mnews.mn/js/organictabs.jquery.js",""
"URL","http://mx2.googlew.fr/",""
"URL","http://organiceverything.com.au/robots.txt",""
"URL","http://zero-noise.com",""
"URL","https://103.224.182.250",""
"URL","https://anytone-radios.com",""
"URL","https://anytoneradios.com",""
"URL","https://yuq.me/users/22/529/21j3GYDV7a.png",""
"URL","https://yuq.me/users/22/529/7qYJ1gXdEZt.png",""
"URL","https://yuq.me/users/22/529/89oEnXbtSq.png",""
"URL","https://yuq.me/users/22/529/PtkZFg9QKm.png",""
"URL","https://yuq.me/users/22/529/cQlA75tFhC.png",""
"URL","https://yuq.me/users/22/529/dRGiEChMzVt.png",""
"URL","https://yuq.me/users/22/529/mYAr820M57t.png",""
"URL","https://zero-noise.com",""
"hostname","img.sceper.eu",""
"hostname","mx2.googlew.fr",""
"FileHash-SHA256","0f7554f86898d2606a4a3fbe0184a0bb345f9fbc524c889f50ac729ee30e7a28",""
"FileHash-SHA256","2b3d8dd8807559ede347b253f5f7f4c9ac3b0713bbfb867c829e3fea5e923ecf",""
"FileHash-SHA256","3013c10621be63b03f26330d19c520630e42ba4f3a9a4e03edd409ab47cf52d8",""
"FileHash-SHA256","342707715ede754fb3228f93dce57f87d529265d51b27321bce6a2a6f6d8b6c3",""
"FileHash-SHA256","4c88f0ee92ddff6dfa90388832682170732b0f3896b97c4014f37af7b906b603",""
"FileHash-SHA256","51bf60e86d595f8bc84e960f5218b66b1ae852dd141c3609e6f0bf3a995ceb61",""
"FileHash-SHA256","595244744533a6c61f941a4c7c5fb670c5f430fd05a89d2c9b2ff35a382bd728",""
"FileHash-SHA256","597c743936b2f9d3b774f362d808255c0af0d3184b5b75070348339a16bb4751",""
"FileHash-SHA256","5d3e20255379324f4b2724b6651be4524b7e1b0f33b3a82699e7a27732f00ad2",""
"FileHash-SHA256","953f047fc4780aa629dce3bedd0ea4740c621ab9a36a2007a3be1ef8c057b473",""
"FileHash-SHA256","9bab587f70392f2ffba981d3035beb4f4a1435b2d35b76266a594def271b731e",""
"FileHash-SHA256","b102e99099e760a270023fdef28cd6f708910933fc1d6165685ac3b3d22e5817",""
"FileHash-SHA256","ba50a1934c6a63fdf77f4d450c574cc0c23e2072841b353a4edb9da46b2152d6",""
"FileHash-SHA256","bc87ccb6024eb303bdb8cb11a92beb8555da8ef5163eeedad556682d675b8e86",""
"FileHash-SHA256","c3a34faef780761ebc7794d344e876bc7653a6125aff73e884f641c942f09819",""
"FileHash-SHA256","c5d9dacd08e0c865d4306bc3828b4794af845ab5b52ca42dc4de6f3c308b7aa2",""
"FileHash-SHA256","d1f3f64c3abed727d1eadfa4710d12b8525ba033878fb02a0cd1614e534536a3",""
"FileHash-SHA256","d22f4d9d16a78ba11f58c58f54aa79b0780a938dbc90fa0d4bfb924292934150",""
"FileHash-SHA256","d3f8391015c0194b9b88802a3e99d6c0e4b1d0d8782da16b2d77b8fd2fb60a48",""
"FileHash-SHA256","dc7c296aa416ba7deab114b8430cb613d070c6d7e6fdc7f357e71f5f22ff638b",""
"domain","anytone-radios.com",""
"domain","anytoneradios.com",""
"domain","fapat.me",""
"domain","googlew.fr",""
"domain","mnews.mn",""
"domain","organiceverything.com.au",""
"domain","sceper.eu",""
"domain","yuq.me",""
"domain","zero-noise.com",""
"FileHash-SHA256","e2971a7f6976dbe96ec9dcfa8f2618b36d83c10b4503bed37c6c290961d1cb4e",""
"URL","http://cdxbbpngq.pw",""
"URL","http://cdxbbpngq.pw/",""
"URL","http://cdxbbpngq.pw/data",""
"URL","https://cdxbbpngq.pw",""
"hostname","www.hpindl.com",""
"URL","http://hpindl.com",""
"URL","http://hpindl.com/",""
"URL","http://hpindl.com/fe",""
"URL","http://hpindl.com/sji/index.php",""
"URL","http://www.hpindl.com",""
"URL","https://hpindl.com",""
"URL","https://hpindl.com/fe/index.php",""
"URL","https://hpindl.com/sji/index.php",""
"URL","https://www.hpindl.com",""
"hostname","hhhx6z6kn.homemade-voyeur.com",""
"hostname","www.homemade-voyeur.com",""
"hostname","test.homemade-voyeur.com",""
"hostname","thumbs.homemade-voyeur.com",""
"URL","http://homemade-voyeur.com/",""
"URL","http://www.homemade-voyeur.com/",""
"URL","http://www.homemade-voyeur.com/10309/Two-Chicks-Changing.html",""
"URL","http://www.homemade-voyeur.com/10600/Spy-Busty-Sister.html",""
"URL","http://www.homemade-voyeur.com/10933/Huge-Facial-Cumshot-from-BF.html",""
"URL","http://www.homemade-voyeur.com/12719/Young-Pussy-in-the-Beach-Cabin.html",""
"URL","http://www.homemade-voyeur.com/7747/Teachers-Handjobs.html",""
"URL","http://www.homemade-voyeur.com/8058/Hottie-Changing.html",""
"URL","http://www.homemade-voyeur.com/index.php?ctr=pub_out&url=http://www.homemade-voyeur.com/index.php?ctr=track_out&trade_url=http://www.amateurmasturbations.com/&id=86",""
"URL","http://www.homemade-voyeur.com/sik/voyeurshd.swf",""
"URL","http://www.homemade-voyeur.com/thumbs/2012/11/bojkmo3.png",""
"URL","http://www.homemade-voyeur.com/tube/favicon.ico",""
"URL","http://www.homemade-voyeur.com/tube/gallery/skinny-dipping-girls-oqw39pu3ozJ.html",""
"URL","http://www.homemade-voyeur.com/tube/video/Skinny-girl-fucked-in-the-floor-HOl3PGTskjP.html",""
"URL","http://www.homemade-voyeur.com/tube/video/skinny-chick-fuck-amp-amp-facial-YaEkSf9mihW.html",""
"URL","http://www.homemade-voyeur.com/videos/videos/downblouse-recent.html",""
"URL","http://www.homemade-voyeur.com/videos/videos/dressing-recent.html",""
"FileHash-SHA256","533c5427f788af6b9b5343b253004069fde57d2b8eb018fe2d7b5d2de6b3303e",""
"FileHash-SHA256","a396373454329c5771ef06cbb8373fc70257e09164fe1ab9e8ed4b2e0259ec72",""
"hostname","mx.roteston.top",""
"URL","http://mx.roteston.top/",""
"URL","http://roteston.top/",""
"URL","http://roteston.top/api/check.get",""
"URL","http://gsoftclean.online/",""
"URL","http://gsoftclean.online/amix",""
"URL","http://gsoftclean.online/aus",""
"URL","http://gsoftclean.online/favicon.ico",""
"URL","http://gsoftclean.online/koskos.exe",""
"URL","http://gsoftclean.online/main.exe",""
"URL","http://gsoftclean.online/settings.dll",""
"URL","http://gsoftclean.online/ver.txt",""
"domain","xludakx.com",""
"FileHash-SHA256","1e1910ebd93511264420a504e051726f263867c53c4ccceed32c641165eeb06f",""
"FileHash-SHA256","1e52553b62b16b0952b17815b826e16311f2ddaec08be65bd8a305e5a85c8f6f",""
"FileHash-SHA256","250b765bf59aecb8b5c9ab15d0300d7486004bec889d0c7f2339cb0986f85afe",""
"FileHash-SHA256","2ad1f31664a17e40b857be800b209f9c66d8e598ec5c05eabd65b695b31cd936",""
"FileHash-SHA256","71ea7d7493acc28e7447d475ed220fe42c328fac8dfbb2422dc3654f5162d83d",""
"FileHash-SHA256","8d3db12987e75e62cb92c786e61e4498102e07ee17435cdb41bdf1d3a5e7a2a1",""
"FileHash-SHA256","a59a8dc61c35acf356165e4a689e862392108a8164891a1da041f248fbe4f7a8",""
"FileHash-SHA256","c99cb8f92aaa2af924f651c9f45365ccca1a567136761770fc993e2a152e64e8",""
"URL","http://a.xludakx.com/",""
"domain","coolyun.com",""
"URL","http://dmp.coolyun.com/dmp/api/",""
"URL","http://dmp.coolyun.com/dmp/api/strategyandupdate?productid=coolpad5310&versionid=2014040220&userid=1778888&runmode=normal",""
"domain","put.re",""
"FileHash-SHA256","0deca59fbb09af397ae830bf8053f959cf78f7da880d1c1751e2e80779f620c5",""
"FileHash-SHA256","2e6b0a9e0598ed7f9b041ed1c724787f91c0ae84926d66698e7e3fba9971a7b0",""
"FileHash-SHA256","33ff4f7e638d4c26296fb395144156f77ba1b348f966a3fa01e8e1d7deb15cbd",""
"FileHash-SHA256","345123e02912fd3dac649cbd278e89a96699946a0310fb61ba9909ceae37e051",""
"FileHash-SHA256","40239b0c77736e784e9184253c9a224f99216835c2f8f75f4fb1676f0b9f1dd5",""
"FileHash-SHA256","4490ec7f5cf0a3aa57b0edcdeee6a0695b1683e1468821e5067bea0afcaf2da2",""
"FileHash-SHA256","51739ae3dd37038098f45f63ad55875fabb712233586a2e1b5dbbf8fbf5b5b1d",""
"FileHash-SHA256","59605f5dbef4da7b826ebc3aeef447662f2f4c44667c82c70bbe8fd0c73f9d30",""
"FileHash-SHA256","5d7597e5ac802d9ee1811ee74dfefd0d1dbe494a420d0f19971d4a68fc0c1ac4",""
"FileHash-SHA256","5fd9c4322239d9c225bf0e5920460fe7f8f956bf8c3107b3e89dfcce8629a3f0",""
"FileHash-SHA256","8cee538663f3b8e45fd1f4e879208976113d4cc218b0e33b02f6c062e4fc705e",""
"FileHash-SHA256","8daadbe48e49808364f7e0acf014ae8c7342b9b5112be28975c93ac5982c0181",""
"FileHash-SHA256","9c186cbc5c4be1082cd475b83f596ae653640fb71456586b6fb42741db5ebe82",""
"FileHash-SHA256","c15d1d1f05f1047b41823ad12afed76933c5044e15dd5ca578bb81d2720f6eab",""
"FileHash-SHA256","cd7bdf9df146782371e9e7c55f878688d8c85aa9bb4b9cf96101212e3b54bb07",""
"FileHash-SHA256","d4047afa56def8757a5c99a3c9722e982a25dff755e66eac62227ed63c6ad59a",""
"FileHash-SHA256","eef873d0c3b9243895c131bbb0e4bc1fa40f54a4675cf4284aeb03ae8a29ed0e",""
"FileHash-SHA256","f3c2cf10c939501e692b9de0357917b176afb63953e807175442664f6f7bac47",""
"FileHash-SHA256","fd392bd759039199c74010a5e8646f6e782c039045930e7152f695b4818f9daa",""
"FileHash-SHA256","fe37a28a7dfd70045b419a108d80ff141178f2b5e7b3a2418c369f4c00bc3e6f",""
"URL","http://s.put.re/VPgyDbTx.txt",""
"URL","http://s.put.re/dsls5o1n.txt",""
"URL","http://s.put.re:443/qi2oyutm.jpg",""
"URL","https://s.put.re/3ATM5bRL.apk",""
"URL","https://s.put.re/6NeeBXHD.osk",""
"URL","https://s.put.re/9CEFwmCf.epub",""
"URL","https://s.put.re/AEGKpMF1.COM.apk",""
"URL","https://s.put.re/BhiGkRiQ.osk",""
"URL","https://s.put.re/H94JZUSt.COM.apk",""
"URL","https://s.put.re/KHbxSCz9.txt",""
"URL","https://s.put.re/KtHVdejr.COM.apk",""
"URL","https://s.put.re/Y35L4Cgi.apk",""
"URL","https://s.put.re/aY8JDvvX.2.apk",""
"URL","https://s.put.re/bEnbA5ZL.epub",""
"URL","https://s.put.re/frNmwgd7.png",""
"URL","https://s.put.re/iYHAW65g.png",""
"URL","https://s.put.re/jZmwjV38.vmp.dll",""
"URL","https://s.put.re/rvgn49Xy.zip",""
"URL","https://s.put.re/w5rVYrP3.gif",""
"URL","https://s.put.re:443/qi2oyutm.jpg",""
"domain","ddns.net",""
"URL","http://negg1.ddns.net",""
"URL","http://negg1.ddns.net/",""
"URL","https://negg1.ddns.net",""
"hostname","gg.google.com",""
"hostname","www-google-analytics.l.google.com",""
"hostname","www3.l.google.com",""
"hostname","www4.l.google.com",""
"hostname","tor-exit-node.gertrude.stuken.me",""
"hostname","init.push-apple.com.akadns.net",""
"hostname","tor-exit-4.all.de",""
"hostname","iwmb.fe.apple-dns.net",""
"domain","damblale.com",""
"URL","http://damblale.com/",""
"FileHash-SHA256","3557b30d53a1181801d459e926aa6261fa18de14ecd30bcba48838c4ff2a4d0b",""
"FileHash-SHA256","873fdb0d20385867665a173c5f37cc3d1cc576803e15d00fcb14d9b1b6d54c0e",""
"FileHash-SHA256","acdef3e1481f673f284a56489ad410b9fe3f3154d8d9207c05484e8845f87075",""
"FileHash-SHA256","c30e3ffa56aa3624cfa851bc72b8f0f96c392870ef44b54d0610bf5c2e882b84",""
"URL","http://5.8.18.222/",""
"URL","http://5.8.18.222/&data=02|01|ITSHelpdesk@bdo.com.hk|481cfdc50d574184623008d5b19a923f|ebfa65c775724c96abc638e3cd25bc63|0|0|636610199807871362&sdata=bDoBsK2td5kxR4SChvvcC9UmTvk/Io/6sBqKIigie9A=&reserved=0",""
"URL","http://5.8.18.222:1191",""
"URL","http://5.8.18.222:1192",""
"URL","http://5.8.18.222:17771",""
"domain","yarisclub.gr",""
"FileHash-SHA256","006cc33c4186adf2538ccbf9532e1e0aeedd3347a9fd933320307df355e7dbc0",""
"FileHash-SHA256","1bdf4a347c446bd4010659017bb3815e31fcf0e078cfa069be8dbf9edcf03871",""
"FileHash-SHA256","a71e06703ab64e9a11b0f76f6e43f899d73395a04d52174820817cc8f17c69f1",""
"hostname","assi.oldvej.dk",""
"domain","avoncosmetics.eu",""
"domain","cardioinnovation.gr",""
"hostname","cloud.oldvej.dk",""
"hostname","contabo.oldvej.dk",""
"hostname","corona.oldvej.dk",""
"hostname","elt.oldvej.dk",""
"hostname","fodbold.oldvej.dk",""
"domain","gsmforum.gr",""
"hostname","mail.avoncosmetics.eu",""
"hostname","ns1.pshotelia.gr",""
"hostname","ns2.pshotelia.gr",""
"domain","panathinaikos24.gr",""
"domain","pshotelia.gr",""
"hostname","web1.pshotelia.gr",""
"hostname","www.avoncosmetics.eu",""
"hostname","www.gsmforum.gr",""
"hostname","www.yarisclub.gr",""
"URL","http://79.143.191.147",""
"URL","http://79.143.191.147/",""
"URL","http://yarisclub.gr/",""
"URL","https://79.143.191.147",""
"URL","https://79.143.191.147/",""
"URL","http://1.177.63.25",""
"URL","http://1.177.63.25/",""
"URL","https://1.177.63.25",""
"URL","http://71.6.146.186",""
"URL","http://71.6.146.186/",""
"URL","https://71.6.146.186",""
"FileHash-SHA256","6f31d96c216148cadfa2c41d459a17c464a46f706d10a18f4ea0d9f38a3a3d6d",""
"domain","xurl.to",""
"domain","cdndm5.com",""
"hostname","manhua1025-14-136-134-20.cdndm5.com",""
"URL","http://14.136.134.20",""
"URL","http://14.136.134.20/",""
"URL","http://manhua1025-14-136-134-20.cdndm5.com/",""
"URL","https://14.136.134.20",""
"FileHash-SHA256","0d92354221044267fa8435f7b269ebb66e384a63bf7cf6c22f206804d007ec9e",""
"FileHash-SHA256","4c663be2abf9417d8160f68982f0d8b9907afdcc51838e72185a8f7738f99e51",""
"FileHash-SHA256","5574883dda31832b424e858d778d19d91379e867894f6a61f79002200ce77793",""
"FileHash-SHA256","8e459a5fc3c88f3f091d96d6334c6b11541fbd28fa10b9ae7f2918200b7328ea",""
"FileHash-SHA256","9587de0e89077d4eaf40f9f3b9dbe3e1104f0a5bfa30c2034db4c33c3d7bdb17",""
"FileHash-SHA256","aa89ea134e89e20b76c80f3439a5861c9cbb242fa7d9c3712d7fcaa1655de4b4",""
"FileHash-SHA256","db43ca6c3a713d1ada688b3bec8bd04ec2bfabd8dbb6aa09320319888fc4a05d",""
"domain","cotwyutdzigien.info",""
"URL","http://91.234.34.98",""
"URL","http://91.234.34.98/",""
"URL","http://91.234.34.98/checkupdate",""
"URL","https://91.234.34.98",""
"hostname","pirate.census.shodan.io",""
"URL","http://71.6.146.185",""
"URL","http://71.6.146.185/",""
"URL","https://71.6.146.185",""
"domain","great-upload.ru",""
"domain","zona-uploads.ru",""
"domain","zonaupload.ru",""
"hostname","accounts.googie.com.app2.world",""
"hostname","accounts.googie.com.data-protector.icu",""
"hostname","dlc.great-upload.ru",""
"hostname","dlc.zonaupload.ru",""
"URL","http://82.118.22.66/",""
"URL","http://dlc.great-upload.ru/",""
"URL","http://dlc.zonaupload.ru/download2/07/eaerexdfbazzqquagwblxvwsggquhqpufrkjgrds5ehs6ogo9f2m7e740vbi/k7h5/aop7h88p6mq62rppizk5aug8doxmz1wsiqcm7%2Bva/petr_i_10_klass.exe",""
"URL","http://great-upload.ru",""
"URL","http://great-upload.ru/",""
"URL","http://zona-uploads.ru/",""
"URL","http://zonaupload.ru/0s7oyocvldlvymnfyztjz8rfyjfd1dbe2dxw3smuym%2Bv3d/o5d7vzdtw1dve5clx1uwjhdpehw%3D%3D/torrent/75962/198054786/7torrent.exe",""
"URL","http://zonaupload.ru/0s7oyocvldlvymnfyztjz8rfyjfd1dbe2dxw3smuym%2Bv3d/o5d7vzdtw1dve5clx1uwjhdpehw%3D%3D/torrent/75962/198073642/7torrent.exe",""
"URL","http://zonaupload.ru/8u7u6qc1tfl16on/6btp7%2Br/6lf99fb%2B%2Bfx2/um06o%2B1/f/uxf717ft29fv%2Bxel39swppfp%2Bpw%3D%3D/setup/51866/198053658/winamp.exe",""
"URL","http://zonaupload.ru/eg4ockbvvrivcakfcvqjdwofcfcdfryegruwhgluca9vhr8ojr4vdrqwfrsejqixfivjrrmerw%3D%3D/setup/5740666/198070524/0811-jovesmodpack_v10.exe",""
"URL","http://zonaupload.ru/rrkytvzp6a6ptlwjtei1s7ajtouhqaqipamqorxotlppoaoymakpsaiqqaeimb6rqpn1%2Ba%2Bi%2Bw%3D%3D/setup/5699782/198085158/qip2005_8082.exe",""
"URL","http://zonaupload.ru/wereqaofh1hfqknvqx5drubvqh1xx1xuu19cvemeqkufv1veb1rfr15cx1fub0hdxg8dd1ludq%3D%3D/setup/5857840/198079178/vksaver-install.exe",""
"URL","http://85.177.59.149",""
"URL","https://85.177.59.149",""
"domain","jdfkmiabjpfjacifcmihfdjhpnjpiick.com",""
"hostname","browser-extension.jdfkmiabjpfjacifcmihfdjhpnjpiick.com",""
"URL","http://79.143.87.174",""
"URL","http://79.143.87.174/",""
"URL","http://browser-extension.jdfkmiabjpfjacifcmihfdjhpnjpiick.com/",""
"URL","https://79.143.87.174",""
"URL","http://2.229.90.114",""
"URL","http://2.229.90.114/",""
"URL","http://2.229.90.114:80",""
"URL","https://2.229.90.114",""
"domain","hollydaygiftcards.com",""
"FileHash-SHA256","261d4dceb5bce4b31f90ad09a9c56297e2602ffa3d14f326c4e3e42fdac937ba",""
"FileHash-SHA256","2703cbd58fd883979b12af72d904a8f91bcf67efdaea1801401d97e9a2ec6720",""
"FileHash-SHA256","6a654bb375dfc43e96ccf93e211982b721710668744af9cd116909e572125c12",""
"FileHash-SHA256","931ab9e5bc34e69d43cc2ed244c9f278437f100c5db34db79751cef05735f8a6",""
"FileHash-SHA256","959ab8f62207e3cd8874f49d54d2c2dc7b19726d8e4a284e03ec467aa1758449",""
"FileHash-SHA256","cff1f18521b70e57834fff926f4995b4eb0c0816f0396920694f02000c51a058",""
"FileHash-SHA256","d2e2ae15f09b9c9fcb3e1b5258dc6ae96c68f9109ae43e55c7bb45278a4d7553",""
"FileHash-SHA256","dba83d56c0e39c1a363d330ccc5c34214de9d9a63cf150e48c96e8bd5aae6e15",""
"FileHash-SHA256","ed736bb9b22898baf2f607227512352c600dcb55f897c5c9dd16a190cfee4087",""
"FileHash-SHA256","f3e98265876eb1f8619d456fc4c9554e4f180eb932f4a2b2c7ef71c00e4f0a65",""
"hostname","mx1.hollydaygiftcards.com",""
"URL","http://179.43.147.209/",""
"URL","http://179.43.147.209:17771/",""
"URL","http://179.43.147.209:40071",""
"URL","http://179.43.147.209:40071/",""
"URL","http://hollydaygiftcards.com/",""
"domain","colegiomaturana.com",""
"domain","globeximmigration.com",""
"domain","shirazresturan.ca",""
"hostname","cartaitwpages.colegiomaturana.com",""
"hostname","cartasida.shirazresturan.ca",""
"hostname","visa1.globeximmigration.com",""
"hostname","visa3h.shirazresturan.ca",""
"hostname","visa5302n.shirazresturan.ca",""
"hostname","visaarpc9.globeximmigration.com",""
"hostname","visam7st4m.globeximmigration.com",""
"hostname","regit.strangled.net",""
"hostname","www.united-rp.com",""
"URL","http://46.183.217.132",""
"URL","http://46.183.217.132/",""
"URL","http://46.183.217.132/applynow/signup.html",""
"URL","http://cartaitwpages.colegiomaturana.com/itwpages-22211",""
"URL","http://cartasida.shirazresturan.ca/itwpages/?id=da",""
"URL","http://visa1.globeximmigration.com/djijjh223/?id=1",""
"URL","http://visa3h.shirazresturan.ca/djijjh223/?id=3h",""
"URL","http://visa5302n.shirazresturan.ca/djijjh223/?id=5302n",""
"URL","http://visaarpc9.globeximmigration.com/djijjh223/?id=arpc9",""
"URL","http://visam7st4m.globeximmigration.com/djijjh223/?id=m7st4m",""
"URL","https://46.183.217.132",""
"URL","http://14.23.37.162",""
"URL","http://14.23.37.162/",""
"URL","https://14.23.37.162",""
"domain","fmsi.it",""
"hostname","www.eshop.fmsi.it",""
"hostname","www.fmsi.it",""
"hostname","www.nutrizioneesalute.fmsi.it",""
"URL","http://185.6.72.19/",""
"URL","http://www.eshop.fmsi.it/modules/bankwire/SAB_RptRemittanceAdvice01_PDF.jar",""
"URL","http://www.fmsi.it/images/img/90anni/ISTRUZIONI-CONGRESSO.pdf",""
"URL","http://www.fmsi.it/images/img/news/CERTIFICATI_MEDICO_SPORTIVI_15-03-2018.pdf",""
"domain","vkmel.com",""
"hostname","fonts.googleapis.com",""
"hostname","hdfc.pp.ru",""
"hostname","en.wikipedia.org",""
"hostname","cdnjs.cloudflare.com",""
"domain","vimeo.com",""
"domain","ibm.com",""
"domain","bpp.go.th",""
"URL","http://ibm.com/watson/ai-assistant",""
"URL","http://ibm.com/http:/ibm.com/",""
"URL","http://hdfc.pp.ru/permit/gate.php",""
"domain","mormaormasiasdmnqwje.com",""
"domain","hpindl.com",""
"domain","cdxbbpngq.pw",""
"domain","vicp.cc",""
"domain","homemade-voyeur.com",""
"domain","gsoftclean.online",""
"domain","roteston.top",""
"domain","coxautoinc.com",""
"FileHash-SHA256","396edcfbddc369d490e3997ed7ed67e478fea809785f1634c1ad4938194a1930",""
"FileHash-SHA256","1244972f8bc2c6c987f9940845366e900b07258f3a58612a20da28987f300743","SHA256 of b13f6747eab96a13529ccd9a3a880591242f433b"
"FileHash-SHA256","16945ab8939ba5c28763130d44c24b8e8e5e665c0c4346058963a7b84c88a614","SHA256 of b28c80ca9a3b7deb09b275af1076eb55"
"FileHash-SHA256","98f8105117d14ee9f60177ae644e9e84d6a0c615d4304178641197372c8e911e",""
"URL","http://dmp.coolyun.com/dmp/api/strategyandupdate",""
"URL","http://mormaormasiasdmnqwje.com",""
"URL","https://s.put.re/sHkRnxnG.qwe",""
"URL","http://111.0.0.0",""
"hostname","a.xludakx.com",""
"hostname","dmp.coolyun.com",""
"hostname","s.put.re",""
"hostname","negg1.ddns.net",""
"FileHash-MD5","b28c80ca9a3b7deb09b275af1076eb55",""
"FileHash-MD5","01fa5da0c3690a3cd646b7728f5699f8","MD5 of b13f6747eab96a13529ccd9a3a880591242f433b"
"FileHash-SHA1","b13f6747eab96a13529ccd9a3a880591242f433b",""
"FileHash-SHA1","7108bcae19d13c7957347bafcadc76701849a5d9","SHA1 of b28c80ca9a3b7deb09b275af1076eb55"
"FileHash-SHA1","261738f133383163c33fdf9e068cc214edfc7403",""
"CVE","CVE-2009-1151",""
"CVE","CVE-2019-12426",""
"CVE","CVE-2019-1242",""
"CVE","CVE-2018-7586",""
