second.shop,3
online-login-securedevice.com,6
exsnodus.com,3
dqulkev.tk,2
firstbytedns.net,3
cit106account.ml,2
zyzhxmedical.com,3
vlaanderen-site.com,3
igdaumohigh.tk,2
fbgrub.cf,2
segure-app-sucursal.com,2
seaolvaccount.tk,3
naversbox.ga,2
softlinesys.com,2
sarakitchenfrozenfood.com,3
trust-walletwebtest.com,2
it-solution.top,3
terassa.info,3
yiyuzhe.top,4
secure-billing-authentication.com,2
iccureset.info,3
kinggame88.net,4
access-wellsfargoverify.com,3
sraysys.us,2
fix-option.com,4
active-accounte.tk,1
chanamoth.tk,3
viladigital.info,6
fbgrab.cf,1
legalservicechavez.ml,2
supportyouraccount.ml,1
1788t.top,4
chinamilitarysupplier.com,1
secure-case.com,5
halifax-secure-mypayee-help.com,6
larotative.info,2
mbelepamoja.com,3
accountsigry.ml,2
ahrmtjj.com,3
shelang-group.com,1
kinggames888.net,4
zeytunilezzetler.com,3
hygjzx.com,3
verynaughtyfeet.com,2
secure-bluebird.com,3
xsexpert.com,4
jiayao.xyz,4
supportyouraccount.ga,2
tb26.xyz,2
yanglao024.com,3
googlestraffic.com,3
specialedstrategist.com,3
dijoncter.info,2
netflix-codes.org,2
login-bluebird.com,3
secure-blueblrd.com,3
scatteredthoughts.xyz,3
aramex-dellvery.com,2
pcx02.ml,2
coin10-exodus.com,2
islandbreeze-holidays.com,3
secure-auth-new-login.com,5
projectx.wtf,3
nuovababilonia.org,1
topdoginvestigations.com,3
security-apps-notice.com,2
sdqs.com,2
beemedia.tk,3
idcprivacy.com,9
citisecureonline.com,4
accessiccuu.com,3
martabataoa.com,1
eosxpeb.tk,1
safedepartament.com,3
secure-promotion-product-id781743644.com,2
neblina.xyz,4
voicefulnessgospel.com,3
chn888.xyz,4
support-account.tk,1
official-biockchain.com,3
kfhonggu.com,3
manif-est.info,1
asostrade.com,4
chipfirmware.com,2
pornoall.top,4
mail-kroveslon.ru,4
partnerbidhelper.com,5
palmleasing.online,4
shopclone.mom,3
web-eexoduus.com,4
id-mtb2fa.us,5
fpquead.tk,4
3174.us,2
sozocqr.ga,2
wangyouwc.top,2
exnrodus.com,3
newcointoken.com,4
thetrongate.com,3
kratsale.click,3
hdgame.store,3
tenxkeaneacq.com,3
cmmin.top,2
killnet.top,3
secure-monz0-online.com,5
se-connecter.link,3
segmentfinancial.com,5
mint-pad.com,4
birajkarmkar.com,3
lucifugealgorithm.com,2
mailnavers.tk,3
jikekeji.xyz,4
krasindor.ru,2
portalinbox-sceamingaccounts.net,2
apps-activity-suspended.com,4
monespace-netflix.com,4
admin-manic.com,1
netflix-jp-accounts0-secure.tk,3
anzbnk.com,4
7908.us,3
iserver-ultimate.ml,2
baide8.com,5
excpodus.com,2
consernews.com,2
igloble.top,3
vinhomesbietthu.com,2
traksusserver03.com,3
barrachina.tk,3
help-apps-security.com,2
31xuexi.com,5
guido44.ml,2
danske-verkkopankki.com,4
jamesdavidson.xyz,1
tor-exit.com,2
bulkorder.online,4
jdhotbltlogin.ml,1
sozocqr.ml,1
fb-pages-realestateid-listing1590075.com,3
autoleader.cn,1
supportyouraccount.tk,2
staycationvaccay.com,5
shizuizhe.top,4
1360sequoia.com,3
exrnodus.com,2
tb11.xyz,4
my3-updates-billing.com,5
beta-trustwailet.com,2
www.google,50
zjxn.com,2
eosxpeb.ml,1
harmanakat.com,1
voodoodudes.com,5
registrar-servers.com,9
opus-ds218plus.direct,2
secured-newmobile-remove.com,3
sengorcs.com,5
mon-compte-societegenerale.com,4
acessocaixa.app,2
p9939.com,3
medyumca.ga,3
switchapp.africa,3
qingdaguojiyujia.com,1
5icook.com,3
juhua2016.com,1
login-account.ml,1
goldenartflower.com,2
citibnk-hk.com,3
switchappgo.africa,3
sexreal.top,4
youaremyeyes.top,4
thewilliart.com,4
start-exodus.com,1
jubileetwatimiza.com,2
bongcamstreaming.ml,2
tb28.xyz,4
nl-apple-support.us,2
login-account.tk,2
barz-on-barz.us,3
sunshineyy.top,3
25yearsagotoday.co.uk,1
recovery-accounts.cf,2
exodus-getstarted.com,3
elmobdaumyeacent.cf,2
basicdomain12.com,2
locked-service-security.ga,14
ctusr.us,3
netf1lix4payment.org,3
wlnbank.net,5
assurance-maladie-compte.com,2
elecctrunn.com,3
virgin-personal-billing-update.com,3
zjkxiaojin.com,1
skyfreehosting.tk,3
the-ivies.org,3
x2musk.us,1
lianbb.xyz,2
veilig-verzoek.nl,4
ee-billing-info-update.com,4
gtdlm.top,3
mirate.cloud,4
chenlil.app,1
sekavines.com,5
deeplif.com,1
naverscorp.ga,1
realestate-listing-1541566966596365-realtors.com,4
analpornovideo.top,4
fantasyshrooms.us,2
salvatorevps.ml,2
sozocqr.tk,3
exdsodus.com,1
wwjlwb.xyz,4
123.com,2
driver-updater.net,5
vvalletconecter.com,4
otmotka.kz,3
wwwsecureaccount.cf,2
fuckyounft.com,2
dns16-microsoft-health.com,9
ethfi.cc,3
halifaxsecure-mypayee-help.com,4
sharikrest.com,2
wellsfargo-app.com,3
ronqyuhua.com,2
7989444.com,6
fedprotect-2fa.us,3
secure-online-halifax.com,4
productagenda.com,6
yangrunqiu.com,1
citihelped.org,2
exczodus.com,2
gogogoog.com,2
gzxianrui.com,2
labogue.info,3
mj-88.com,3
exmnodus.com,2
ramblinmanbar.com,5
suspend-trust.com,3
retirementsclubnft.com,2
sjsisisi.top,4
shisu666.top,4
centralize.work,2
tanluzhe813.xyz,3
sync-integration.net,3
realestate-listings-25364875187391-realtors.com,5
tb68.xyz,2
3dntechnology.com,2
digitalshop.id,2
mxone.top,3
facebooksecurity.ml,2
cf52bp2.com,1
bluegillfestival.org,2
auth-login-new-secure.com,6
kontur-pr.site,2
hunghpb.com,1
factnews.kz,4
valueadded.net,1
redelivery1.com,1
zhanzhiluy-pansionat21.kz,1
safedeny.org,1
exzocdus.com,1
hooonilid.com,3
atomicwalclet.com,1
ezxocdus.com,1
latushkin.com,1
commande-nouvelle-carte.com,2
frbot.ml,2
zonesevencloud.com,4
philms.xyz,2
atomicwallqet.com,2
hpbmedia.com,2
baydesignsgroup.com,1
sunzootea.xyz,2
mojid04584197.mom,1
turtletaskforce.com,3
accounts-payouts-store-settings-tld.ml,1
shisuizhe.xyz,2
sharesoftware.org,1
vasheprostranstvo.com,1
321ggg.com,2
ab-investments.ltd,2
keysigry.ml,2
riattiva-funzione-app.com,2
xiyingtang.com,3
813.video,1
offlice-365.com,1
md78bs2.com,1
willlbox.com,3
att.net,24
nnde.site,2
my3secure-billing-details.com,3
mutantgoblin.xyz,2
mydb.cf,4
mo10bs2.com,1
oneofonesuites.com,3
wpcrepz.com,2
account-confirme.cf,2
729492709210.com,3
secure-hali-fax-online.com,3
cbddae.com,1
makavelihotel.com,1
all-enter-prize.com,1
got-shib.com,2
tinker-edu.com,3
robotbnb.com,1
930138597761.com,2
jollyfree.com,2
zfile.xyz,2
cdn-deep-movie.site,2
exvomdus.com,1
app-store-cr.com,2
mojid04754062.autos,2
passecurity.co.id,1
isyourpay.com,2
pcx01.cf,2
813.live,2
dreamsingles.org,2
wuwangjie.com,1
mojid04951726.buzz,2
citizbnk.com,2
globalnewnewsonline.com,2
hidden.moe,3
apple-supports-fmi.us,2
sentri-usa-apply.com,1
jynxedfilms.com,3
uprs.fun,2
mojid04687413.pics,1
877385290003.com,2
tunisiecolis.com,1
xcgx-xb.com,2
cryptoxbtc.com,1
mofashi123.top,1
a-wallet.space,2
securitychaypi001.ga,1
uib.life,2
new-device-secured.com,1
jssituoli.com,3
newproperty329512.com,2
fxhjf.top,2
exzomdus.com,1
ydfq.xyz,3
alertas-moviles-bbva.com,2
mazeshoppping.tk,2
crazydrop.online,1
ssfzhn.cf,2
swedbank-paslaugos.com,2
bozz777.online,3
secure-my-online-banking.com,4
pcx01.tk,3
newrental63152.com,2
2439072849674.com,3
boogleavatar.xyz,1
convexfinenca.com,5
authlogin1.com,2
caincas.com,2
dcyook.top,1
secure-neweayee-online.com,3
secure-promotion-product-id598109284455.com,2
neteasemxmail.online,2
compte-abonnement.com,3
962001738544.com,3
crk123.top,1
exroxdus.com,1
new-secure-device.com,3
tinooop111.xyz,2
noramtv.xyz,2
halifax-secure-online-login.com,2
goldnerheller.com,3
813.cool,3
restoreiccuu.com,4
397206946730.com,2
rainway.online,3
donjeffriesshow.com,3
i-marktravels.com,1
immutablekongz.com,1
goekicks.com,3
674290028517.com,2
aiur.cf,4
appxte.xyz,3
813.life,5
account-confirme.gq,2
instagarn.com,3
dailyspork.com,1
813.world,2
nmde.site,3
accountssfeedllbacklives.tk,1
omnicart.us,2
atomicwalelet.com,1
investedpartnering.com,3
white-mountain.org,2
xn--80akqfjkcclip6g.com,1
wildgangape.com,1
813.plus,2
secure-mypayee-security.com,5
securec03-portal1a-3chase.com,1
marketingcarolinaveras.tk,1
polygonsnetworks.com,2
vdoz.info,2
secure-mypayee-info.com,3
noah111.com,2
dogecoin2022.com,1
mhpb-en.com,2
standardsucculent.com,1
superslot777.online,2
find-1.us,4
realestate-listings-554558525236563256-realtor.com,1
hfcket.com,2
local-business-24.com,1
k2legalhigh.com,2
vanillaninjamusic.com,2
poijiuy.xyz,3
oneinfoservices.com,1
uib.group,3
ethereum22.com,2
vtsupercharger.com,3
hawzbsk.ml,1
justforladies.com.br,4
lookup-active.xyz,1
exvondus.com,2
emeducation.top,2
vacayroom777134.com,1
bozz777.xyz,2
sambotmn.com,2
atomicwalqlet.com,1
exrondus.com,1
noah444.com,1
brawlstore.fun,1
zqlovezz.xyz,2
miriada-studio.ru,2
zhuanzhuanxiong.top,2
halifax-device-updates.com,4
atomicwalloet.com,1
teste22.tk,3
hobipoker88.com,1
account-sucrity.tk,1
artdesignerau.com,2
nolensgoggles.com,2
usgreenenergyinc.com,1
account-sucrity2.tk,1
sparkassen-gruppe-de-update.com,3
bam12si05.com,2
got-bits.com,1
sophiezhanglawyers.com,2
639572921400.com,2
zjlcchem.com,2
secure-payee-login.com,4
my12bs6.com,1
qd52bs5.com,1
jantropati.com,2
525fsfv.com,2
thewhollywater.org,2
jdnft.online,2
mojid05167812.mom,1
volksbank-alert.com,2
massagebahrain.xyz,2
mnde.site,2
yinlingcehua.com,3
conscientir.com,2
nefl1xaccount.ml,1
mikrotikinside.com,2
noah666.com,1
roomsvacay710907.com,2
szcolorstone.com,1
de-objekt-3272559.info,3
teste19.tk,3
trippiinapetribe.xyz,3
n-26.site,3
spemilebeautymassagetherapy.com,3
account-confirme6.ml,2
1allin.xyz,3
accountthief.cf,1
rnaccount-logn-verfy.tk,1
sina0575.com,1
account-sucrity2.ml,1
se-connecter.click,1
digerati-games.com,2
halifax-secureinfo-signin.com,3
webofce.space,2
treasureywallet.us,3
mojid04481764.xyz,2
onemer.xyz,2
marmok-box.online,1
exzordus.com,1
emedu.top,1
potofgold.fi,1
oxmirrorpass.xyz,2
cf72gs2.com,2
probleminthebotlane.xyz,1
xhx888.xyz,2
5echtoupiao.com,1
get-business-24.com,1
cust-portal.com,5
new-device-auth-secure.com,2
nodffs.cf,2
extraflot.com,2
esegui-ora2022.com,3
tuthogo.com,1
noah789vip.com,1
teste17.tk,2
my-commonwealthbank.com,3
alerta-clientes-bbva.com,2
dotagames.tk,2
